GT_id,GT_label,Pred_label
4557300,Dichomeris santarosensis,geleBioLep01 BioLep440
4597314,Dichomeris santarosensis,Stenoma Janzen4068
3812768,geleBioLep01 BioLep440,cosmoBioLep01 BioLep15
5432989,Telphusa BioLep476,Telphusa BioLep1217
5433047,Telphusa BioLep476,Telphusa sedulitella
4559563,cosmoMalaise01 MalaiseMetz1051,gelMalaise01 Malaise5966
5562582,cosmoMalaise01 MalaiseMetz1051,gelMalaise01 Malaise2486
5227982,Glyphidocera BioLep192,Glyphidocera BioLep4458
5153902,Glyphidocera BioLep192,Antaeotricha Janzen90
5228840,Glyphidocera BioLep192,Glyphidocera sollertiae
3703172,Aristotelia Janzen1129,gelJanzen01 Janzen12
4364286,Palmistichus ixtlilxochitliDHJ02DHJ07,Palmistichus ixtlilxochitliDHJ02DHJ09
4457508,Palmistichus ixtlilxochitliDHJ02DHJ10,Palmistichus ixtlilxochitliDHJ01
4080164,Palmistichus ixtlilxochitliDHJ01,Palmistichus ixtlilxochitliDHJ02DHJ08
5964636,Myzus persicae,Rhopalosiphum rufiabdominale
6278131,Acyrthosiphon pisum,Rhopalosiphum rufiabdominale
4592980,Rivula pusilla,Marimatha Janzen102
4409303,Sitobion avenae,Idiopterus nephrelepidis
5926608,Limnophyes natalensis,Limnophyes ninae
5546410,Halocladius variabilis,Corynoptera breviformis
5827333,Halocladius variabilis,Halocladius varians
5725439,Halocladius variabilis,Metriocnemus albolineatus
5600535,Chaetocladius longivirgatus,Chaetocladius piger
5036308,Dicrotendipes tritomus,Dicrotendipes lobiger
6094533,Cosmopterix Malaise1744,Cosmopterix crassicervicella
4805009,Micropsectra recurvata,Micropsectra klinki
5026877,Limnophyes schnelli,Limnophyes aagaardi
4414070,Paratanytarsus laetipes,Paratanytarsus bituberculatus
5037152,Spilogona sororcula,Spilogona brunneisquama
4759385,Elachista apicipunctella,Elachista alpinella
4191082,Pseudapanteles alvaroumanai,Pseudapanteles raulsolorzanoi
4298525,Pseudapanteles alvaroumanai,Pseudapanteles raulsolorzanoi
4144988,Pseudapanteles alvaroumanai,Diolcogaster Choi77
5725459,Limnophyes difficilis,Metriocnemus albolineatus
5541093,Chaetocladius dissipatus,Chaetocladius piger
4280852,Paratanytarsus dissimilis,Paratanytarsus laccophilus
4500891,Glyptapanteles Whitfield75,Glyptapanteles Malaise2577
5012447,Coenosia mollicula,Coenosia conforma
4427571,Cotesia Whitfield05,Glyptapanteles Malaise2577
5202935,Musca crassirostris,Musca confiscata
6061956,Rhamphomyia laevigata,Platypalpus lateralis
5546460,Coelopa frigida,Trichopalpus obscurellus
3860260,Chetogena parvipalpis,Paradidyma melania
5016544,Lasiomma cuneicorne,Botanophila striolata
5598994,Megaselia longicostalis,Metriocnemus atriclava
5939081,Euceraphis papyrifericola,Euceraphis borealis
4013933,Bradysia trivittata,Scatopsciara atomaria
3741259,Bradysia trivittata,Bradysia fenestralis
3710797,Bradysia trivittata,Bradysia fenestralis
3740615,Bradysia trivittata,Bradysia fenestralis
5035724,Prosciara prosciaroides,Bradysia lapponica
5193314,Aristotelia BioLep531,Stegasta bosqueella
5781725,gelBioLep1 BioLep883,gelBioLep01 BioLep883
4634301,geleBioLep01 BioLep1000,Elachista alpinella
4086858,Blastobasis orithyia,Blastobasis babae
4645576,Anisia Janzen5197,Wood96 Malaise8945
4794330,Limnophyes ninae,Limnophyes asquamatus
5727723,Limnophyes ninae,Limnophyes difficilis
5930576,Dicranomyia modesta,Lutzomyia cruciata
3805160,Paradidyma Malaise2555,Phytomyptera Malaise3317
5455979,Paradidyma Malaise2556,Paradidyma Malaise2559
4634295,Paradidyma Malaise2556,Paradidyma Malaise2558
5963331,Borgmeiermyia Janzen4737,Chaetostigmoptera Malaise9075
4760233,Fannia genualis,Botanophila striolata
4278273,Cricotopus bicinctus,Rheocricotopus effusus
5864793,Glyptapanteles meganmiltonae,Syntretus Malaise2676
4253703,Lipolexis oregmae,Pambolus Malaise9142
4797262,Allocladius nanseni,Micropsectra lindrothi
4793729,Allocladius nanseni,Parakiefferiella bathophila
4804097,Pegoplata infirma,Egle ciliata
4927280,Psychoda albipennis,Psychoda satchelli
5037937,Corynoptera trepida,Camptochaeta delicata
5032699,Corynoptera trepida,Camptochaeta delicata
5144500,Bemisia tabaci,Siphoninus phillyreae
4848334,Dolichogenidea Janzen5847,Glyptapanteles Malaise8196
5135196,Thrips australis,Florithrips traegardhi
6061719,Coenosia morrisoni,Coenosia conforma
5723015,Psychoda grisescens,Psychoda albipennis
4763836,Bradysia pallipes,Boletina pseudonitida
5872953,Coproica ferruginata,Rachispoda spuleri
3720755,Hypatopa spei,blastoBioLep01 BioLep565
4257271,Hypatopa spei,blastoBioLep01 BioLep1040
4034021,Glyptapanteles Malaise8087,Glyptapanteles Malaise8196
5162198,Atherigona reversura,Atherigona orientalis
5247709,Atherigona reversura,Atherigona orientalis
6046180,Psychoda trinodulosa,Phytomyza flavofemorata
4284901,Paratendipes albimanus,Rheocricotopus effusus
5106180,Rhinacloa clavicornis,Orthops palus
5145376,Bradysia ocellaris,Leptosciarella saltuum
4188475,Megaselia steptoeae,Megaselia danizona
4548618,Megaselia steptoeae,Megaselia pisanoi
5000910,Megaselia steptoeae,Anisia Janzen5197
5081070,Alpinosciara subtrivialis,Camptochaeta delicata
5082652,Alpinosciara subtrivialis,Camptochaeta delicata
5030548,Claustropyga acanthostyla,Cratyna falcata
4993440,Tanytarsus hastatus,Tanytarsus ejuncidus
4221323,Tanytarsus hastatus,Tanytarsus ejuncidus
5921395,Hormius Malaise8560,Pambolus Malaise2320
3702177,Pseudomyrmex elongatus,Pseudomyrmex gracilis
5723470,Megaselia crassipes,Triphleba distinguenda
5287781,Alloxysta ramulifera,Alloxysta arcuata
3831518,Procryptocerus scabriusculus,Camponotus excisus
5698253,Dinotrema Malaise3029,Dinotrema Malaise3885
4412210,Tanytarsus excavatus,Tanytarsus ejuncidus
4415412,Tanytarsus excavatus,Paratanytarsus bituberculatus
4409328,Tanytarsus excavatus,Paratanytarsus laetipes
5162022,Archisepsis pusio,Australosepsis niveipennis
4704887,Acrolophus BioLep454,acroBioLep01 BioLep17
3991492,Calyptoproctus elegans,Acraephia perspicillata
5350738,Aconurella prolixa,Busonia albilateralis
3914446,Lycoriella sativae,Bradysia excelsa
5722377,Ooctonus notatus,Ooctonus vulgatus
5925808,Heleomyza modesta,Heleomyza serrata
4807245,Heleomyza modesta,Limosina silvatica
6048401,Toramus pulchellus,Corticarina cavicollis
4361502,Phytomyptera Janzen7239,Phytomyptera Malaise 7239
4030667,Phytomyptera Janzen7239,Phytomyptera Malaise 7239
4616811,oecoBioLep01 BioLep369,Tsinilla lineana
5547539,Limnellia quadrata,Scatella paludum
4791132,Gelis hortensis,cryptJanzen01 Malaise6508
4774893,Aclastus solutus,Aphidius platensis
5724700,Pseudocollinella humida,Leptocera erythrocera
4648259,Trachyopella straminea,Rudolfina exuberata
4645206,Trachyopella straminea,Bromeloecia wolverinei
5355289,Megaselia halterata,Megaselia oklizona
5145737,Megaselia halterata,Megaselia emarginata
5146359,Schizaphis graminum,Muscaphis escherichi
4683304,Paradidyma Malaise2503,Paradidyma melania
5598576,Lycoriella agraria,Ctenosciara hyalipennis
5138719,Bradysia nomica,Corynoptera blanda
5931319,Smittia leucopogon,Smittia terrestris
5727745,Temnosira saltuum,Chamaepsila nigricornis
4765649,Tephrochlamys rufiventris,Scoliocentra brachypterna
3851024,Allophrys divaricata,Blacus Malaise6323
5354116,Thelyconychia solivaga,Myiopharus Janzen3256
4803133,Serromyia femorata,Serromyia ledicola
5054166,Megaselia citrinella,Megaselia spinigera
5035675,Heterogenella hybrida,Bryomyia producta
4761286,Coenosia intermedia,Coenosia conforma
3979117,Megaselia pumila,Megaselia robusta
4222176,Salia BioLep752,tortJanzen01 Janzen342
4015587,Aleyrodes lonicerae,Singhiella simplex
5539090,Egle rhinotmeta,Egle subarctica
5542700,Trichina clavipes,Ocydromia glabricula
4034935,Dinotrema Malaise3805,Dinotrema Malaise9669
4074701,Orthocentrus Malaise5689,Orthocentrus Malaise2720
4770446,Cratyna nobilis,Cratyna brachialis
3805279,Stenomacrus Malaise6520,Orthocentrus Malaise8983
5727988,Peyerimhoffia vagabunda,Cratyna cryptospina
4184551,Rachispoda trigonata,Rachispoda fuscinevris
4570578,Cosmosciara sp. SAEVG Morph0042,Cosmosciara perniciosa
5292790,Cosmosciara sp. SAEVG Morph0042,Cosmosciara perniciosa
5671424,malaiseGraci01 Malaise6860,malaiseGraci01 Malaise4139
4420443,Leiophron Malaise6887,Aridelus Malaise4016
5601378,Chaetocladius perennis,Chaetocladius tenuistylus
5665304,Chilocyrtus Malaise7054,Chilocyrtus Malaise1867
6156597,Chilocyrtus malaise7054,Chilocyrtus Malaise1867
3879156,Pseudocaecilius citricola,Trichopsocus claris
5672427,tinBioLep01 BioLep9316,tinBioLep01 BioLep5457
4786321,Stenomacrus affinitor,Orthocentrus asper
4927649,phyMalaise01 Malaise2939,phyMalaise01 Malaise2168DHJ02
4594116,phyMalaise01 Malaise2939,phyMalaise01 Malaise2168DHJ02
4700786,phyMalaise01 Malaise2939,phyMalaise01 Malaise2168DHJ02
4725191,phyMalaise01 Malaise2939,phyMalaise01 Malaise2168DHJ02
4863614,phyMalaise01 Malaise2939,phyMalaise01 Malaise2168DHJ02
4315464,phyMalaise01 Malaise2939,phyMalaise01 Malaise2168DHJ02
3973880,phyMalaise01 Malaise2939,phyMalaise01 Malaise2168DHJ02
4999836,phyMalaise01 Malaise2939,phyMalaise01 Malaise2168DHJ02
4141691,phyMalaise01 Malaise2939,phyMalaise01 Malaise2168DHJ01
4479154,phyMalaise01 Malaise2939,phyMalaise01 Malaise2168DHJ02
4640489,phyMalaise01 Malaise2939,phyMalaise01 Malaise2168DHJ01
4635454,phyMalaise01 Malaise2939,phyMalaise01 Malaise2168DHJ02
5041122,phyMalaise01 Malaise2939,phyMalaise01 Malaise2168DHJ02
4329292,phyMalaise01 Malaise2939,phyMalaise01 Malaise2168DHJ02
5044465,phyMalaise01 Malaise2939,phyMalaise01 Malaise2168DHJ02
4723373,phyMalaise01 Malaise2939,phyMalaise01 Malaise2168DHJ02
4741301,phyMalaise01 Malaise2939,phyMalaise01 Malaise2168DHJ02
4646885,phyMalaise01 Malaise2939,phyMalaise01 Malaise2168DHJ02
4449234,phyMalaise01 Malaise2939,phyMalaise01 Malaise2168DHJ02
4743294,phyMalaise01 Malaise2939,phyMalaise01 Malaise2168DHJ01
3972190,phyMalaise01 Malaise2939,phyMalaise01 Malaise2168DHJ02
4168873,phyMalaise01 Malaise2939,phyMalaise01 Malaise2168DHJ02
5074048,phyMalaise01 Malaise2939,phyMalaise01 Malaise2168DHJ02
4317134,phyMalaise01 Malaise2939,phyMalaise01 Malaise2168DHJ01
4478005,phyMalaise01 Malaise2939,phyMalaise01 Malaise2168DHJ02
4677699,phyMalaise01 Malaise2939,phyMalaise01 Malaise2168DHJ02
4676881,phyMalaise01 Malaise2939,phyMalaise01 Malaise2168DHJ01
4267095,phyMalaise01 Malaise2939,phyMalaise01 Malaise2168DHJ01
4249202,phyMalaise01 Malaise2939,phyMalaise01 Malaise2168DHJ02
4078581,Bracon juliodiazi,Bracon Malaise5340
4215633,malaiseGraci01 Malaise379,malaiseGraci01 Malaise6473
4202559,malaiseGraci01 Malaise379,malaiseGraci01 Malaise9722
5423224,Trissolcus hyalinipennis,Psix saccharicola
4488014,Encarsia lounsburyi,Encarsia citrina
4313162,Encarsia lounsburyi,Encarsia citrina
4378684,Encarsia lounsburyi,Encarsia citrina
4839350,Encarsia lounsburyi,Encarsia citrina
5134248,Liriomyza chenopodii,Liriomyza brassicae
5723016,Corynoptera irmgardis,Corynoptera alneti
5723564,Corynoptera irmgardis,Lestremia cinerea
5411895,phyMalaise01 Malaise2168DHJ02,phyMalaise01 Malaise2168DHJ01
3915063,Aleiodes alessandracallejae,Pseudophanerotoma bobrobbinsi
4575623,Brasema rhadinosa,Eupelmus pulchriceps
4833779,Leiophron Malaise4536,Elasmus Malaise8332
4601601,gelBioLep01 BioLep743,gelBioLep01 BioLep7976
4548881,gelBioLep01 BioLep743,gelMalaise01 Malaise5227
4450319,gelBioLep01 BioLep743,gelBioLep1 BioLep743
5969204,gelBioLep1 BioLep743,gelBioLep01 BioLep1373
5824486,Bicellaria vana,Bicellaria furcifer
3869309,Battaristis MalaiseMetz3348,geleBioLep01 BioLep1000
4795040,Smittia paranudipennis,Limnophyes difficilis
4247729,Aprostocetus aproMalaise0531,encyrMalaise01 Malaise9370
4638551,Dasydorylas sp. TX16,Eudorylas sp. CR10
4994224,Dasydorylas sp. TX16,Eudorylas sp. CR28
4133837,gelMalaise01 Malaise4390,gelMalaise01 Malaise6890
3808032,phyMalaise01 Malaise2939,phyMalaise01 Malaise2168DHJ02
5849855,Microsepsis mitis,Australosepsis niveipennis
5729757,Bradysia alpicola,Bradysia pallipes
4237063,gelMalaise01 Malaise8081,cosmoBioLep01 BioLep15
4734749,Lepidopsocus unicolor,Cerobasis guestfalica
5141062,Meoneura palaestinensis,Desmometopa m-nigrum
5926462,Smittia terrestris,Smittia edwardsi
5726522,Smittia terrestris,Anaretella iola
5726838,Chorebus petiolatus,Chorebus posticus
5658542,Lutzomyia edentula,Nyssomyia trapidoi
5821286,Dacnusa areolaris,Chorebus eros
4808300,Limonia trivittata,Chamaepsila nigra
4278163,Tanytarsus pallidicornis,Psectrocladius limbatellus
4115538,Pambolus Malaise8158,Pseudopomyza nigrimana
6228873,tersiMalaise01 malaise9021,tersiMalaise01 Malaise9679
4784248,Bradysia lobulifera,Ctenosciara hyalipennis
3752385,Plectiscus Malaise1594,Orthocentrus Malaise8983
5954181,Plectiscus Malaise1594,Plectiscus Malaise5795
4704174,Dinotrema Malaise4203,Dinotrema malaise0256
4086086,cosmoMalaise01 Malaise2859,cosmoMalaise01 Malaise9410
4626307,cosmoMalaise01 Malaise2859,cosmoMalaise01 Malaise4616
4088214,cosmoMalaise01 Malaise2859,cosmoMalaise01 Malaise9410
4770372,Tanytarsus mendax,Micropsectra uliginosa
5656090,Orthocentrus Malaise9380,Orthocentrus malaise9380
5632212,Orthocentrus Malaise9461,Chilocyrtus Malaise3264
4284943,Leptocera lutosoidea,Leptocera erythrocera
5408137,Elmohardyia sp. CR1,Elmohardyia circulus
5053058,Boletina dissipata,Boletina pseudonitida
5942693,Taeniothrips orionis,Scopula BioLep357
4782840,Megaselia lucifrons,Megaselia hardingorum
5085878,Megaselia lucifrons,Megaselia hardingorum
4772051,Megaselia longicostalis,Megaselia tarsella
5055195,Megaselia longicostalis,Megaselia hardingorum
5042818,ichMalaise01 Malaise5713,Lymeon Gauld13
4999001,Keiferia Malaise6589,elachBioLep01 BioLep210
4468053,gelMalaise01 Malaise6953,gelMalaise01 Malaise5966
4278078,Cricotopus fuscus,Parakiefferiella bathophila
3867141,Ecphylus Malaise8698,doryMalaise27 Malaise7767
4107604,Megaselia montywoodi,Corynoptera trepida
4582201,Megaselia montywoodi,Lutzomyia ovallesi
5959117,gelMalaise01 Malaise9193,cosmoBioLep01 BioLep0552
4168829,gelMalaise01 Malaise9194,gelMalaise01 Malaise6953
4458841,gelMalaise01 Malaise9194,gelMalaise01 Malaise9195
4897128,gelMalaise01 Malaise9194,gelMalaise01 Malaise6013
3939188,gelMalaise01 Malaise9194,gelMalaise01 Malaise9195
4819118,gelMalaise01 Malaise9194,gelMalaise01 Malaise2486
4397984,gelMalaise01 Malaise9195,gelMalaise01 Malaise9194
6187290,cramMalaise01 Malaise9409,cosmoBioLep1 BioLep16
4051553,Notiospathius Malaise9566,doryMalaise27 Malaise7767
4771192,gelMalaise01 Malaise9778,blastoMalaise01 Malaise1400
4616188,Hormius joncoddingtoni,Hormius Malaise2497
4223763,Hormius joncoddingtoni,Hormius Malaise2497
3894054,Hormius modonnellyae,Hormius Malaise2497
4504312,Hormius modonnellyae,Hormius mercedesfosterae
4899886,Hormius modonnellyae,Hormius hesiquiobenitezi
4704686,Basileunculus sp. CR3,Eudorylas sp. CR10
5808939,Hypsicera malaise0328,IchMalaise01 malaise6840
3850405,Eubazus malaise0452,Diolcogaster Choi77
3771143,ichneuMalaise01 malaise0819,ichneuMalaise01 malaise9082
3833256,Robustagramma biangulatum,Micropsectra lindrothi
4672963,Platyphysus obtusus,Euplatypus sp. 3YB
4449183,oecoMalaise01 Malaise4787,Lyonetia pulverulentella
4951967,Megaselia tropizona,Megaselia guanizona
3816090,Megaselia tropizona,Megaselia hentschkeae
4293599,Phytomyptera Malaise6585,Phytomyptera Malaise2209
4042360,Phytomyptera Malaise6585,Phytomyptera Malaise2209
4635592,Phytomyptera Malaise6585,Phytomyptera Malaise2209
4177880,Megaselia hentschkeae,Megaselia pisanoi
3986842,Megaselia hentschkeae,Megaselia pisanoi
4703773,Chespiritos dolabratus,Pullimosina pullula
4355105,Perditorulus Malaise6862,Perditorulus Malaise6805
3698853,encyrMalaise01 Malaise7544,encyrMalaise01 Malaise6489
4169717,Aprostocetus aproMalaise0052,Aprostocetus aproMalaise1621
5526384,Porphyrochroa sp. 6 BKC-2015,empedidJanzen02 Janzen9877
3860915,Orthocentrus Malaise7701,Orthocentrus Malaise8983
5566314,tinBioLep01 BioLep5457,cosmoBioLep01 BioLep1465
4284776,Elmis bosnica,Elmis aenea
4282634,Elmis bosnica,Elmis aenea
5924995,Tersilochus striola,Tersilochus lapponicus
5924496,Tersilochus striola,Tersilochus lapponicus
4362738,Phanerotoma Janzen5955,Phanerotoma anacordobae
3720883,Phanerotoma Janzen5955,Phanerotoma anamariamongeae
5788244,Grotiusomyia Hansson7663,euloMalaise1 euloMalaise6772
4282304,Cladotanytarsus mancus,Paratanytarsus laccophilus
4065085,Dinotrema Malaise3869,Dinotrema Malaise7037
3933011,eulophMalaise01 Malaise5445,Perditorulus Malaise6862
5958316,eulophMalaise01 Malaise5445,eulophMalaise1 Malaise7416
5992061,Leiophron Malaise9977,Leiophron Malaise1234
4256962,Chespiritos extendido,Chespiritos dolabratus
5824566,Scatopsciara atomaria,Scatopsciara nana
5600496,Scatopsciara atomaria,Scatopsciara nana
5629325,Dinotrema Malaise5385,Dinotrema Malaise3885
4780304,Culicoides chiopterus,Culicoides pictipennis
5154319,Chelonus Malaise2690,Blacus malaise0651
4412396,Phaenopsectra punctipes,Tanytarsus excavatus
4283431,Tanytarsus usmaensis,Tanytarsus brundini
4193716,gelBioLep01 BioLep1598,gelJanzen01 Janzen12
5646057,Diolcogaster Malaise7359,Syntretus Malaise2676
5763993,Dinotrema Malaise7839,Dinotrema Malaise3501
5663494,Dinotrema Malaise8133,Dinotrema Malaise3885
5713982,Meteorus Malaise2812,Meteorus Janzen10
5707985,Meteorus Malaise3344,Meteorus Malaise2812
5703584,Chespiritos extendido,Chespiritos dolabratus
5013604,Paratanytarsus laccophilus,Parakiefferiella scandica
5024661,Scatopsciara atomaria,Trichosia lengersdorfi
4278463,Polypedilum nubeculosum,Chironomus lugubris
BIOUG75427-A01,Psychoda alternata,Clogmia albipunctata
BIOUG70179-B12,Dichomeris MalaiseMetz1419,gelBioLep01 BioLep7976
BIOUG75444-D11,Pseudapanteles raulsolorzanoi,Glyptapanteles Malaise2577
BIOUG70182-D02,phyMalaise01 Malaise2939,phyMalaise01 Malaise2168DHJ01
BIOUG78846-G06,Dinotrema Malaise4777,Dinotrema Malaise7967
BIOUG78186-C10,Elachista exactella,Elachista illectella
BIOUG66235-D02,Liriomyza chenopodii,Liriomyza brassicae
BIOUG80630-A02,Renodes BioLep858,Pero clana
BIOUG65690-C11,Atherigona reversura,Atherigona orientalis
BIOUG78285-C12,alyMalaise01 Malaise3306,Dinotrema Malaise6339
BIOUG74847-F11,Psychoda alternata,Clogmia albipunctata
BIOUG77062-H01,Heterospilus Malaise3361,opiMalaise01 Malaise2177
BIOUG78586-F04,alyMalaise01 Malaise3306,Dinotrema Malaise3606
BIOUG74677-A01,Psectrocladius barbimanus,Orthocladius frigidus
BIOUG79593-E06,Ecphylus Malaise2514,Ecphylus Malaise6321
BIOUG75923-D04,Pseudapanteles raulsolorzanoi,Apanteles raulacevedoi
BIOUG66388-H07,Cotesia ruficrus,Eubazus Malaise2286
BIOUG75444-H06,Phanerotoma Janzen5955,Phanerotoma anacordobae
BIOUG78197-H05,Orfelia nemoralis,Brevicornu beatum
BIOUG68503-G05,Trichogramma achaeae,Trichogramma chilotraeae
BIOUG66620-A07,Bemisia tabaci,Aleurotrachelus dryandrae
BIOUG67160-F03,Cosmosciara sp. SAEVG Morph0042,Cosmosciara perniciosa
BIOUG75608-E05,Bradysia trivittata,Camptochaeta delicata
BIOUG67717-F08,Culicoides oxystoma,Culicoides imicola
BIOUG77820-C04,Hydrangeocola Malaise3285,alyMalaise01 Malaise7873
BIOUG78233-G01,Dinotrema Malaise3425,Dinotrema Malaise6339
BIOUG79654-F10,Argyria centrifugensDHJ02,cramMalaise75 Malaise2864
BIOUG66072-B03,Bradysia algidus,Bradysia lapponica
BIOUG79513-A03,Casinaria Malaise6162,Xiphosomella Malaise7341
BIOUG75451-E01,Paradidyma Malaise2558,Paradidyma Malaise2503
BIOUG75443-D04,Pambolus Malaise7221,Pambolus Malaise8158
BIOUG78719-E06,cramMalaise4941 Malaise4941,cramMalaise9483 Malaise9483
BIOUG81060-G11,Megaselia steptoeae,Megaselia winnizona
BIOUG80685-C06,Helicobia rapax,sarcJanzen01 Janzen12
BIOUG74638-E05,Psychoda trinodulosa,Psychoda minuta
BIOUG80671-C06,Cotesia scotti,Cotesia Whitfield05
BIOUG77106-G08,Scaptodrosophila latifasciaeformis,Drosophila simulans
BIOUG74643-A02,Brachymyrmex depilis,Tapinoma melanocephalum
BIOUG78470-B02,Casinaria Malaise6162,Campoplex RC-01
BIOUG65294-D03,ceratoJanzen01 Janzen02,ceratoJanzen1 Janzen2
BIOUG66169-G01,Megaselia artborkenti,Gymnophora marshalli
BIOUG66096-B05,Scatopsciara atomaria,Lycoriella sativae
BIOUG75441-E07,Phanerotoma Janzen5955,Phanerotoma davesmithi
BIOUG79697-B02,Argyria centrifugensDHJ02,cramMalaise75 Malaise2864
BIOUG77790-C01,Dinotrema Malaise4111,Dinotrema Malaise1186
BIOUG66608-E11,Culicoides oxystoma,Culicoides brevitarsis
BIOUG74639-B11,Bradysia scabricornis,Bradysia impatiens
BIOUG66618-A03,Illidops albostigmalis,Rasivalva Choi01
BIOUG66365-B03,Cotesia vestalis,Glyptapanteles Malaise5690
BIOUG79570-A11,Megaselia steptoeae,Megaselia winnizona
BIOUG77550-H06,cramMalaise4941 Malaise4941,bibMalaise3149 Malaise3149
BIOUG76787-A09,alyMalaise01 Malaise2879,alyMalaise01 Malaise2441
BIOUG66131-C06,Toxomerus bistrigus,Toxomerus pictus
BIOUG81016-A03,Bemisia tabaci,Pealius mori
BIOUG66728-A03,Atherigona reversura,Atherigona orientalis
BIOUG79572-A09,encyrMalaise01 Malaise4743,encyrMalaise01 malaise6509
BIOUG66315-A08,Adia cinerella,Musca confiscata
BIOUG78773-G01,cramMalaise4941 Malaise4941,gelMalaise01 Malaise6475
BIOUG67736-D11,phyMalaise01 Malaise2939,phyMalaise01 Malaise2168DHJ02
BIOUG67021-E12,Cosmosciara sp. SAEVG Morph0042,Cosmosciara perniciosa
BIOUG75419-H01,Eois Malaise6693,Wesmaelius nervosus
BIOUG81087-C02,Tanytarsus hastatus,Tanytarsus pandus
BIOUG74847-A11,Helicobia rapax,sarcJanzen01 Janzen12
BIOUG78381-C11,Pambolus Malaise8158,alyMalaise01 Malaise9763
BIOUG66395-C11,Cratyna keilini,Musca confiscata
BIOUG66830-G07,Glyphidocera BioLep192,Glyphidocera virgulae
BIOUG66712-E01,Tetraleurodes acaciae,Trialeurodes variabilis
BIOUG56863-C06,Brumoides suturalis,Exochomus quadripustulatus
BIOUG78777-H11,Diolcogaster Choi107,Glyptapanteles Malaise2825
BIOUG74857-B07,Chilocyrtus Malaise1483,Orthocentrus Malaise3997
BIOUG65932-H09,Epuraea ocularis,Carpophilus mutilatus
BIOUG66623-D03,Bradysia ocellaris,Pseudonapomyza atra
BIOUG66394-D02,Psychoda alternata,Psilopa singaporensis
BIOUG78025-A04,psychJanzen11 Malaise7732,psychJanzen08 Malaise9190
BIOUG67121-F02,Cosmosciara sp. SAEVG Morph0042,Cosmosciara perniciosa
BIOUG82002-H05,Phoebis Malaise2599,cramMalaise9483 Malaise9483
BIOUG74598-A06,Dolichogenidea Rodriguez144,Pimpla Malaise8846
BIOUG79295-H10,Epuraea ocularis,Hermetia illucens
BIOUG66406-G08,Leiophron Malaise7707,Leiophron Malaise8494
BIOUG82005-F01,Mimophobetron pyropsalis,gelJanzen01 Janzen1159
BIOUG79911-A02,Megaselia steptoeae,Megaselia involuta
BIOUG66314-B06,Musca crassirostris,Musca tempestiva
BIOUG66799-D03,Alloxysta brevis,Alloxysta arcuata
BIOUG78282-D10,Dinotrema Malaise2655,Dinotrema Malaise0500
BIOUG66088-G10,Coenosia morrisoni,Coenosia conforma
BIOUG75797-C08,Rhopalosiphoninus latysiphon,Aphis nerii
BIOUG75813-C09,Phytomyptera Malaise5935,Phytomyptera Janzen2769
BIOUG79238-E02,Lutzomyia aclydifera,Nyssomyia trapidoi
BIOUG79428-A06,Rhopalosiphum padi,Phylloxera coccinea
BIOUG65799-A04,Glyphidocera BioLep192,autoBioLep1 BioLep193
BIOUG74559-B02,Sitobion avenae,Nasonovia castelleiae
BIOUG74795-B06,Psychoda alternata,Clogmia albipunctata
BIOUG74683-G10,Hygrotus novemlineatus,Baetis hudsonicus
BIOUG75899-C04,Psychoda alternata,Clogmia albipunctata
BIOUG74429-C05,Psychoda alternata,Clogmia albipunctata
BIOUG78182-E08,Ctenosciara hyalipennis,Bradysia scabricornis
BIOUG78282-H01,Dinotrema Malaise6952,Dinotrema Malaise1252
BIOUG72927-F06,Paratanytarsus natvigi,Cricotopus fuscus
BIOUG78283-C12,Plectiscus Malaise1594,Plectiscus Malaise5795
BIOUG75126-D07,Melipotis januaris,Melipotis fasciolarisDHJ02
BIOUG74619-C10,Cratyna cryptospina,Cratyna falcata
BIOUG65749-C11,Lixophaga Malaise9241,Lixophaga Janzen1036
BIOUG74895-D12,Phytomyptera Malaise5935,Phytomyptera Malaise6385
BIOUG66675-G03,Corticarina cavicollis,Cortinicara gibbosa
BIOUG66247-B08,Lycoriella sativae,Camptochaeta hirtula
BIOUG66334-A05,Musca confiscata,Musca tempestiva
BIOUG78182-F07,Ctenosciara hyalipennis,Bradysia scabricornis
BIOUG66089-D06,Paraphaenocladius impensus,Paraphaenocladius brevinervis
BIOUG78914-G12,Psychoda alternata,Clogmia albipunctata
BIOUG66354-G09,Psychoda alternata,Forcipomyia sp. DB 11420
BIOUG68188-C08,Coenosia attenuata,Coenosia transiens
BIOUG79697-F03,Cosmopterix Malaise1744,Cosmopterix crassicervicella
BIOUG77836-H06,Dinotrema Malaise3260,Dinotrema Malaise1186
BIOUG66658-F07,Singhiella simplex,Siphoninus phillyreae
BIOUG78777-D09,Casinaria Malaise6162,Xiphosomella Malaise7341
BIOUG75610-B12,Coenosia morrisoni,Coenosia means
BIOUG66352-G12,Adia cinerella,Limnophora groenlandica
BIOUG66339-H10,Trichogramma chilonis,Trichogramma achaeae
BIOUG74867-D07,Glyphidocera fidem,Glyphidocera sollertiae
BIOUG76870-C01,Macgrathphora caribbea,Macgrathphora longifurca
BIOUG75525-B08,Chilocyrtus Malaise1483,Orthocentrus Malaise3997
BIOUG66091-F08,Paraphaenocladius impensus,Paraphaenocladius brevinervis
BIOUG66315-B07,Musca confiscata,Ceromya Malaise2738
BIOUG66229-G08,Bradysia impatiens,Camptochaeta hirtula
BIOUG67427-B03,malaiseGraci01 Malaise5556,malaiseGraci01 Malaise5977
BIOUG78859-F01,geleBioLep01 BioLep1249,geleBioLep1 BioLep9661
BIOUG64977-G07,Hormius modonnellyae,alyMalaise01 Malaise5715
BIOUG75443-B04,ichneuMalaise01 Malaise8071,ichneuMalaise01 malaise9082
BIOUG78469-G04,geleBioLep01 BioLep1249,gelMalaise01 Malaise5101
BIOUG75639-G05,Zaphne barbiventris,Mimophobetron pyropsalis
BIOUG65799-H10,Cotesia scotti,Cotesia Malaise3022
BIOUG67130-A08,Orthocentrus Malaise2720,Orthocentrus Malaise3997
BIOUG74852-B08,Paradidyma Malaise2399,Paradidyma Malaise2503
BIOUG67748-D03,Pambolus Malaise1900,Pambolus Malaise9142
BIOUG66762-D10,Haplothrips tenuipennis,Hoplandrothrips ochraceus
BIOUG75431-A10,Paradidyma Malaise2503,Paradidyma Malaise6566
BIOUG66167-H11,Megaselia artborkenti,Megaselia steptoeae
BIOUG74851-A04,Paradidyma Malaise2399,Paradidyma melania
BIOUG66215-H02,Pullimosina heteroneura,Coproica vagans
BIOUG79486-C07,Allophrys divaricata,tersiMalaise01 Malaise2786
BIOUG78464-E05,Plectiscus Malaise1594,Plectiscus Malaise5795
BIOUG80631-G02,Sharkeyella Malaise7789,doryMalaise01 Malaise3608
BIOUG66242-B01,Bradysia nomica,Bradysia inusitata
BIOUG74683-H08,Tanytarsus mendax,Tanytarsus telmaticus
BIOUG75501-F09,Leiophron Malaise4536,Leiophron Malaise1653
BIOUG75419-A02,blastoBioLep01 BioLep1040,Hypatopa bilobata
BIOUG68134-C04,Neochrysocharis formosa,Astichus astiMalaiseCDH4338
BIOUG66967-G10,Psychoda alternata,Corynoptera spinifera
BIOUG65775-F07,Cotesia scotti,Cotesia Malaise3022
BIOUG78066-F11,Hirtodrosophila subflavohalterata affinis 3,Hirtodrosophila subflavohalterata affinis 1
BIOUG67426-G06,Chilocyrtus Malaise7054,Chilocyrtus malaise7054
BIOUG79428-F04,Anagrus atomus,Anagrus daanei
BIOUG79189-D10,Dinotrema Malaise4203,Dinotrema Malaise6545
BIOUG78186-E07,Elachista exactella,Elachista illectella
BIOUG78381-B08,Pambolus Malaise8158,Pambolus Malaise9142
BIOUG79899-B02,Chironomus columbiensis,Chironomus calligraphus
BIOUG79837-C12,cramMalaise4941 Malaise4941,tortBioLep01 Malaise4129
BIOUG75602-A06,Paraphaenocladius impensus,Paraphaenocladius brevinervis
BIOUG81035-B12,Heterospilus Malaise7449,Heterospilus Malaise7568
BIOUG78428-D08,Orthocentrus Malaise4741,Orthocentrus sp. 16 NW-212
BIOUG67125-F04,Cosmosciara sp. SAEVG Morph0042,Cosmosciara perniciosa
BIOUG67411-E01,Cosmosciara sp. SAEVG Morph0042,Cosmosciara perniciosa
BIOUG78586-E11,Dinotrema Malaise2655,Dinotrema Malaise0500
BIOUG74544-H07,Lygus lineolaris,Neolygus communis
BIOUG80829-D03,Drosophila emarginata,Philosepedon humeralis
BIOUG74556-B01,Culicoides travisi,Culicoides pictipennis
BIOUG78370-C09,Heterospilus Malaise7411,Panama Malaise5794
BIOUG75886-D02,Macgrathphora caribbea,Macgrathphora longifurca
BIOUG77791-A12,Dinotrema Malaise4111,alyMalaise01 Malaise3306
BIOUG80610-D07,Glyptapanteles Malaise9875,Glyptapanteles sondrawardae
BIOUG80611-D10,Bemisia tabaci,Paraleyrodes minei
BIOUG78908-B08,cramMalaise75 Malaise2864,Argyria centrifugensDHJ02
BIOUG77970-G06,Casinaria Malaise6162,Xiphosomella Malaise7341
BIOUG66227-A11,Pullimosina heteroneura,Pteremis fenestralis
BIOUG66915-A08,Hermetia illucens,Epuraea ocularis
BIOUG65681-H10,Megaselia halterata,Megaselia flava
BIOUG78769-E03,Glyphidocera advenae,Glyphidocera virgulae
BIOUG78186-C03,Elachista exactella,Corynoptera furcifera
BIOUG75910-C12,Elasmus Malaise8332,euloMalaise01 euloMalaise1995
BIOUG79355-F05,Rachispoda spuleri,Phthitia plumosula
BIOUG64686-E09,gelMalaise01 Malaise4615,Anatrachyntis vanharteni
BIOUG74671-H05,Tanytarsus mendax,Tanytarsus telmaticus
BIOUG77542-C02,Megaselia manuelzumbadoi,Megaselia parva
BIOUG66090-E07,Botanophila adusta,Botanophila rectangularis
BIOUG66737-C11,Cotesia ruficrus,Cotesia Whitfield11
BIOUG67130-F04,Cotesia scotti,Cotesia Malaise3022
BIOUG75502-E04,Glyptapanteles Malaise795,Glyptapanteles henrytownesi
BIOUG80904-F01,Pseudorhysipolis Malaise4159,Heterospilus Malaise3652
BIOUG77819-E11,alyMalaise01 Malaise3306,alyMalaise01 Malaise2535
BIOUG88377-E08,spiloMalaise2296 Malaise2296,Alloclita delozona
BIOUG75462-D05,Psychoda alternata,Clogmia albipunctata
BIOUG65274-E07,Glyphidocera BioLep192,Omphale Malaise2670
BIOUG66394-G05,Psychoda alternata,Atherigona orientalis
BIOUG77791-E10,Dinotrema Malaise6778,Dinotrema Malaise3425
BIOUG65694-D08,Cotesia ruficrus,Cotesia vestalis
BIOUG65776-E03,euloMalaise01 euloMalaise6840,Aprostocetus aproMalaise1616
BIOUG74636-A10,Corynoptera cursor,Corynoptera subparvula
BIOUG74548-B03,Rhopalosiphum padi,Muscaphis escherichi
BIOUG75015-D07,Psychoda alternata,Clogmia albipunctata
BIOUG75501-E01,ichMalaise1 Malaise4715,ichMalaise1 Malaise1336
BIOUG79083-E05,Chelonus Malaise2690,Chelonus Malaise1197
BIOUG77854-G12,Plectiscus Malaise1594,Plectiscus Malaise3484
BIOUG78186-E11,Elachista exactella,Elachista illectella
BIOUG80688-G11,Cotesia scotti,Cotesia Whitfield05
BIOUG78289-F03,Dinotrema Malaise2655,Dinotrema Malaise0500
BIOUG67722-A05,Phytomyza thalictrella,Ophiomyia phaseoli
BIOUG78364-E02,Strumigenys elongata,Strumigenys pariensis
BIOUG78903-A02,Ectopsocus fullawayi,Microtechnites bractatus
BIOUG66359-D01,Psychoda alternata,Forcipomyia litoraurea
BIOUG77514-C04,Dinotrema Malaise4777,Dinotrema Malaise7967
BIOUG78469-E04,geleBioLep01 BioLep1249,geleBioLep1 BioLep9661
BIOUG79416-B10,Trixagus dermestoides,Trixagus meybohmi
BIOUG66013-B10,Coenosia transiens,Coenosia verralli
BIOUG75043-D06,Pseudapanteles raulsolorzanoi,Glyptapanteles Malaise2577
BIOUG76487-E03,Mimophobetron pyropsalis,Hypenodes Malaise8575
BIOUG68121-F02,Sitobion avenae,Aphis nerii
BIOUG73605-F04,Mocyta breviuscula,Boreostiba parvipennis
BIOUG74966-H11,Clepsis BioLep109,Vipsophobetron marisaDHJ03
BIOUG76289-D11,tortBioLep01 Malaise4129,cramMalaise9483 Malaise9483
BIOUG68128-E05,Megaselia halterata,Megaselia hirtiventris
BIOUG73087-B05,Psychoda alternata,Clogmia albipunctata
BIOUG75238-F10,Paradidyma Malaise2503,Paradidyma melania
BIOUG74186-E09,Chironomus columbiensis,Kiefferulus tendipediformis
BIOUG68179-A12,Coenosia attenuata,Coenosia pedella
BIOUG68586-F02,Musca crassirostris,Ceromya Malaise2738
BIOUG75086-F10,Clausicella Malaise2315,Stigmatomeria obscura
BIOUG74038-H11,Battaristis MalaiseMetz3348,gelMalaise1 Malaise4277
BIOUG68732-G08,Lutzomyia evansi,Nyssomyia trapidoi
BIOUG70404-B05,gelJanzen01 Janzen774,Antaeotricha Janzen31
BIOUG73285-B10,Ormosia depilata,Ormosia lineata
BIOUG67587-F08,Glyptapanteles Whitfield115,Glyptapanteles Whitfield308
BIOUG75748-B04,Dinotrema Malaise2655,Dinotrema Malaise0500
BIOUG74525-F10,Peyerimhoffia vagabunda,Cratyna keilini
BIOUG68730-A06,malaiseGraci01 Malaise6860,malaiseGraci01 Malaise7268
BIOUG66007-B11,Euceraphis borealis,Euceraphis papyrifericola
BIOUG73446-A10,ichneuMalaise01 malaise9082,Epitomus infuscatus
BIOUG74815-C01,Paradidyma Malaise2558,Paradidyma melania
BIOUG73243-B08,Tersilochus striola,Tersilochus lapponicus
BIOUG74531-B02,Pegoplata infirma,Egle ciliata
BIOUG68522-F11,Stomoxys calcitrans,Lispe assimilis
BIOUG73930-C02,Plectiscus Malaise1594,Plectiscus Malaise5795
BIOUG74954-F06,Aprostocetus aproMalaise0531,Lasalleistichus albifasciatus
BIOUG67993-G06,Glyptapanteles Whitfield123,Dolichogenidea Janzen45
BIOUG70208-H06,Chelonus planiventris,Chelonus Malaise6274
BIOUG73261-H03,Chaetocladius suecicus,Chaetocladius longivirgatus
BIOUG66032-E06,Stenomacrus affinitor,Plectiscus Malaise5795
BIOUG68176-A10,Ophiomyia beckeri,Ophiomyia lantanae
BIOUG77614-E12,Plectiscus Malaise1594,Plectiscus Malaise5795
BIOUG73263-E07,Paraphaenocladius pseudirritus,Micropsectra nana
BIOUG74417-C03,Arachnophaga rhadinocnemia,Anastatus sp. GG25
BIOUG68160-H01,Megaselia albicans,Megaselia oxboroughae
BIOUG75746-F02,alyMalaise01 Malaise3308,alyMalaise01 Malaise2441
BIOUG74715-D12,Microsepsis furcata,Australosepsis niveipennis
BIOUG75301-F07,Atheta capsularis,Atheta terranovae
BIOUG75235-D08,Pseudophanerotoma Malaise2539,doryMalaise27 Malaise7767
BIOUG67770-H05,Helicobia rapax,sarcJanzen1 Janzen2703
BIOUG68533-G11,Craticulina diffusa,Pseudosiphona Janzen6920
BIOUG75282-E09,Dolichogenidea Janzen9638,Apanteles Malaise5397
BIOUG68419-G01,gelBioLep01 BioLep1838,blastoMalaise01 Malaise1400
BIOUG74333-B08,Psychoda alternata,Clogmia albipunctata
BIOUG68147-H01,Phyllocnistis citrella,Phyllocnistis Malaise1800
BIOUG68218-H10,Phyllocnistis citrella,malaiseGraci01 Malaise9882
BIOUG74385-C10,gelBioLep1 BioLep743,gelBioLep01 BioLep1373
BIOUG68508-D11,Thelyconychia solivaga,Distichona Malaise6325
BIOUG77617-D10,Plectiscus Malaise1594,Plectiscus Malaise5795
BIOUG73247-H02,Chaetocladius perennis,Chaetocladius tenuistylus
BIOUG77093-E06,Undulambia Janzen18,Lobocleta Malaise1665
BIOUG73245-F11,Scatopsciara nana,Bradysia plusiospina
BIOUG70015-F07,tinBioLep01 BioLep1595,tinBioLep01 BioLep9316
BIOUG67439-B03,Cotesia scotti,Cotesia Whitfield05
BIOUG75828-D09,Phytomyptera Malaise5935,Phytomyptera Malaise2448
BIOUG70232-G11,Atherigona reversura,Atherigona orientalis
BIOUG68154-A11,Tamarixia pronomus,tetraMalaise01 malaise0278
BIOUG74050-G07,Dinotrema Malaise4203,Dinotrema malaise0256
BIOUG68902-B01,tinBioLep01 BioLep4447,tinBioLep01 BioLep5223
BIOUG74255-A05,Archisepsis pusio,Australosepsis niveipennis
BIOUG67880-A06,Glyptapanteles Malaise9875,Glyptapanteles Malaise9496
BIOUG77342-B10,Diolcogaster Choi107,Diolcogaster Malaise7359
BIOUG73247-D05,Halocladius variabilis,Psychoda albipennis
BIOUG70211-D06,Aconurella prolixa,Busonia albilateralis
BIOUG75747-A09,Dinotrema Malaise2655,Dinotrema Malaise3260
BIOUG75214-A07,Plutella xylostella,gelJanzen01 Janzen235
BIOUG70105-A02,malaiseGraci01 Malaise6860,malaiseGraci01 Malaise7268
BIOUG67478-B08,Cotesia scotti,Cotesia Malaise3022
BIOUG72499-D09,Acrolophus BioLep451,Psamathia impuncta
BIOUG68137-A04,Tuta absoluta,Carpatolechia proximella
BIOUG67863-C03,Pambolus Malaise1900,Pambolus Malaise9142
BIOUG77147-G02,Psychoda alternata,Clogmia albipunctata
BIOUG68223-F06,Telphusa BioLep476,Telphusa sedulitella
BIOUG72662-A07,Psychoda alternata,Clogmia albipunctata
BIOUG73911-C06,Chilocyrtus Malaise7054,Chilocyrtus Malaise1867
BIOUG73287-H01,Halocladius variabilis,Limnophyes ninae
BIOUG70042-E08,Telphusa BioLep476,Telphusa sedulitella
BIOUG66062-C11,Paraphaenocladius impensus,Paraphaenocladius brevinervis
BIOUG70404-E10,cosmoMalaise01 Malaise4459,malaiseGraci01 Malaise3984
BIOUG68927-F09,Lutzomyia evansi,Bichromomyia olmeca
BIOUG66026-H07,Thaumatomyia trifasciata,Chlorops hypostigma
BIOUG74157-G05,gelBioLep01 BioLep743,gelBioLep01 BioLep7976
BIOUG73293-G10,Elachista apicipunctella,Tuta absoluta
BIOUG67863-A02,Cryptophilus sp. SAEVG Morph0281,Euplatypus sp. 3YB
BIOUG67600-H05,gelMalaise01 Malaise2486,gelMalaise01 Malaise6859
BIOUG66462-F02,Rudolfina exuberata,Bromeloecia wolverinei
BIOUG75720-G07,alyMalaise01 Malaise3308,alyMalaise01 Malaise7873
BIOUG68758-D02,Cosmosciara sp. SAEVG Morph0042,Cosmosciara perniciosa
BIOUG75774-H04,Dinotrema Malaise2655,Dinotrema Malaise2550
BIOUG66068-A05,Boernerina occidentalis,Chaitophorus pusillus
BIOUG70404-A04,Gephyra BioLep780,Dichomeris Janzen76
BIOUG75000-A05,Eois Malaise6693,Eois Chacon06
BIOUG66035-A08,Sarcophaga libera,sarcJanzen1 Janzen1089
BIOUG77181-B11,Hirtodrosophila thoracis,Hirtodrosophila subflavohalterata affinis 1
BIOUG72669-H07,Orthocentrus Malaise5689,Orthocentrus Malaise5162
BIOUG74513-B03,Lycoriella sativae,Lycoriella inflata
BIOUG68908-A04,Acrolophus BioLep454,acroBioLep01 BioLep17
BIOUG73279-B01,Halocladius variabilis,Halocladius varians
BIOUG74900-D08,Phytomyptera Malaise6585,Phytomyptera Malaise2448
BIOUG70021-C11,malaiseGraci01 Malaise5556,malaiseGraci01 Malaise5632
BIOUG75080-E10,Pseudapanteles raulsolorzanoi,Glyptapanteles Malaise2577
BIOUG77147-C01,Bifronsina bifrons,Pullimosina heteroneura
BIOUG68183-F05,Binodoxys angelicae,Pambolus Malaise9142
BIOUG72698-A02,Battaristis MalaiseMetz3348,gelMalaise1 Malaise4277
BIOUG73807-H06,ichneuMalaise01 Malaise8071,Barichneumon neosorex
BIOUG68511-G09,Agathis fuscipennis,Chelonus Malaise6274
BIOUG73285-C07,Ormosia depilata,Ormosia lineata
BIOUG77411-D12,psychJanzen10 Malaise9264,psychJanzen05 Malaise9190
BIOUG66052-C05,Bryotropha similis,Carpatolechia proximella
BIOUG68533-H09,Meoneura palaestinensis,Desmometopa m-nigrum
BIOUG70028-C06,Aristotelia Janzen1129,Sinoe BioLep2857
BIOUG70711-E11,Cosmosciara sp. SAEVG Morph0042,Cosmosciara perniciosa
BIOUG67776-B03,encyrMalaise01 Malaise5829,encyrMalaise01 Malaise9745
BIOUG66032-F10,Stenomacrus affinitor,Orthocentrus asper
BIOUG77177-A03,Tylozygus geometricus,Sibovia nielsoni
BIOUG70016-G03,Copidocephala viridiguttata,Brachyplatys subaeneus
BIOUG73944-F10,Deutereulophus deutMalaise2281,Deutereulophus deutMalaise4612
BIOUG75775-A08,alyMalaise01 Malaise3306,Dinotrema Malaise3425
BIOUG66042-H07,Botanophila profuga,Trichopalpus punctipes
BIOUG68170-D06,Monomorium indet,Pheidole nebulosa
BIOUG73286-C02,Calobata petronella,Tephrochlamys rufiventris
BIOUG70298-G09,Aproaerema anthyllidella,Elachista alpinella
BIOUG74053-C06,Psychoda alternata,Clogmia albipunctata
BIOUG75079-H11,Ecphylus Malaise4224,Notiospathius Malaise1931
BIOUG70046-A02,Paradidyma Malaise2555,Paradidyma melania
BIOUG74718-F05,Megaselia tropizona,Megaselia defibaughorum
BIOUG75000-E01,Tuta absoluta,Gnorimoschema shepherdiae
BIOUG70726-C02,Dichomeris MalaiseMetz1419,gelBioLep01 BioLep1375
BIOUG66056-E10,Botanophila profuga,Pegomya geniculata
BIOUG75709-B07,Microsepsis mitis,Australosepsis niveipennis
BIOUG73702-G11,Tanytarsus hastatus,Tanytarsus miriforceps
BIOUG68921-C07,Paradidyma Malaise2221,Paradidyma melania
BIOUG66042-F06,Simulium arcticum complex,Simulium pulverulentum
BIOUG68415-E01,Paradidyma Malaise2556,Paradidyma Malaise2692
BIOUG73944-H11,Aprostocetus aproMalaise6546,tetraMalaise01 malaise0278
BIOUG75272-G09,Paradidyma Malaise2503,Paradidyma melania
BIOUG75413-B01,mgMalaise160 Malaise5779,Syntretus Malaise2676
BIOUG73974-F05,Plectiscus Malaise1594,Plectiscus Malaise5795
BIOUG73275-B07,Halocladius variabilis,Orthocladius gelidorum
BIOUG75838-E11,ichneuMalaise01 Malaise8071,ichneuMalaise01 malaise9082
BIOUG70020-B06,Glyptapanteles pamitchellae,Glyptapanteles Malaise9411
BIOUG66047-E10,Simulium arcticum complex,Simulium pulverulentum
BIOUG68401-B12,Paradidyma Malaise2555,Paradidyma Malaise2692
BIOUG68902-D12,gelMalaise01 Malaise6859,gelMalaise01 Malaise5966
BIOUG67478-C11,Pambolus Malaise1900,Pambolus Malaise9142
BIOUG75256-A06,blastoBioLep01 BioLep1040,Hypatopa dux
BIOUG75245-C04,gelBioLep1 BioLep883,gelBioLep01 BioLep883
BIOUG76820-C07,tersiMalaise01 malaise9021,tersiMalaise01 Malaise9771
BIOUG66055-C11,Fannia scyphocerca,Fannia postica
BIOUG70204-B03,Chelonus planiventris,Chelonus Malaise6274
BIOUG73866-G07,blastoBioLep1 BioLep6553,Glyphidocera sollertiae
BIOUG74538-B05,Chaetocladius perennis,Chaetocladius tenuistylus
BIOUG78212-D04,Dinotrema Malaise2655,Dinotrema Malaise0500
BIOUG73274-F03,Parochlus kiefferi,Chaetocladius suecicus
BIOUG73445-H09,Chelonus jorgehernandezi,Blacus malaise0651
BIOUG67776-C04,encyrMalaise01 Malaise3972,encyrMalaise01 Malaise2649
BIOUG74100-A09,phyMalaise01 Malaise2939,phyMalaise01 Malaise2168DHJ01
BIOUG73806-F06,ichneuMalaise01 Malaise8071,Barichneumon neosorex
BIOUG72669-H08,Hypsicera malaise0328,IchMalaise01 malaise6840
BIOUG76966-A08,tersiMalaise01 malaise9021,tersiMalaise1 Malaise1642
BIOUG75838-F08,Chelonus jorgehernandezi,Blacus malaise0651
BIOUG68116-B07,Dolichotachina marginella,Siphona malaise0289
BIOUG70028-E05,coleBioLep01 BioLep1011,elachBioLep01 BioLep709
BIOUG73279-G02,Micropsectra nana,Orthocladius gelidorum
BIOUG68224-A06,Blastobasis Metz9506,blastoBioLep01 BioLep565
BIOUG66041-F12,Simulium arcticum complex,Simulium pulverulentum
BIOUG74518-B07,Chironomus salinarius,Prodiamesa olivacea
BIOUG73277-B12,Pegoplata infirma,Lasiomma seminitidum
BIOUG74907-C02,Lipolexis oregmae,Curtisella Malaise2406
BIOUG75236-B06,Glyptapanteles Malaise795,Glyptapanteles henrytownesi
BIOUG75242-D05,Tuta absoluta,Monochroa absconditella
BIOUG70033-B05,phyMalaise01 Malaise1553,gelBioLep01 BioLep5436
BIOUG68166-A01,Anatrachyntis vanharteni,Anatrachyntis badia
BIOUG74391-G12,Chespiritos extendido,Chespiritos dolabratus
BIOUG68908-H07,phyMalaise01 Malaise2939,phyMalaise01 Malaise2168DHJ01
BIOUG70701-E08,Cosmosciara sp. SAEVG Morph0042,Cosmosciara perniciosa
BIOUG68709-B12,gelMalaise01 Malaise6859,gelMalaise01 Malaise2486
BIOUG73277-F06,Chamaepsila atra,Chamaepsila nigra
BIOUG72498-G06,gelMalaise01 Malaise9194,pierMalaise69 Malaise2298
BIOUG70028-C10,malaiseGraci01 Malaise3984,malaiseGraci01 Malaise6671
BIOUG70039-C08,Apanteles oscarchavezi,Dolichogenidea baoris
BIOUG77290-E05,Macgrathphora caribbea,Macgrathphora longifurca
BIOUG74384-B02,Dinotrema Malaise3029,Dinotrema Malaise5644
BIOUG68925-H11,Paradidyma Malaise2221,Paradidyma melania
BIOUG75914-C02,opiMalaise01 Malaise2177,Bracon jimlewisi
BIOUG75037-A06,gelBioLep01 BioLep743,gelBioLep01 BioLep7976
BIOUG73356-E09,Chespiritos dolabratus,Chespiritos extendido
BIOUG73774-D10,Battaristis MalaiseMetz3348,gelBioLep01 BioLep379
BIOUG75259-C08,Paradidyma Malaise2221,Paradidyma melania
BIOUG77117-E12,Megaselia hansonix,Megaselia scalaris
BIOUG73681-H07,Megaselia steptoeae,Megaselia carthayensis
BIOUG68405-A06,Lutzomyia evansi,Condylostylus patibulatus
BIOUG70028-B02,gelMalaise01 Malaise6859,gelMalaise01 Malaise5966
BIOUG68922-B06,Aristotelia Janzen1129,gelJanzen01 Janzen12
BIOUG68741-G01,Lutzomyia evansi,Culicoides foxi
BIOUG75135-C11,Cosmosciara sp. SAEVG Morph42,Cosmosciara perniciosa
BIOUG74644-A03,Brachymyrmex depilis,Monomorium exiguum
BIOUG75388-E06,Pseudorhysipolis Malaise4159,Heterospilus Malaise3652
BIOUG77091-F01,Dichomeris Malaise7462,gelJanzen01 Janzen828
BIOUG68907-C05,Glyptapanteles pamitchellae,Glyptapanteles nataliaivanovae
BIOUG73243-F01,Tersilochus striola,Tersilochus lapponicus
BIOUG74513-B08,Corynoptera levis,Corynoptera breviformis
BIOUG68323-C06,immidJanzen01 Janzen15,gelMalaise01 Malaise4704
BIOUG73243-D07,Tersilochus striola,Tersilochus lapponicus
BIOUG75416-H09,Leiophron Malaise1107,Leiophron Malaise2340
BIOUG66035-C05,Spilogona arctica,Fannia lugubrina
BIOUG68537-C11,Tanytarsus formosanus,Parachironomus parilis
BIOUG74531-H04,Corynoptera breviformis,Corynoptera trepida
BIOUG74932-B03,Microsepsis furcata,Australosepsis niveipennis
BIOUG51619-D07,Valenzuela flavidus,Valenzuela burmeisteri
BIOUG70033-F12,Telphusa BioLep476,Telphusa sedulitella
BIOUG66005-B10,Bryotropha similis,Aproaerema palpilineella
BIOUG74178-E06,Neodexiopsis rufitibia,Meiosimyza rorida
BIOUG73290-D07,Stenomacrus affinitor,Orthocentrus asper
BIOUG68227-C06,cramMalaise01 Malaise3160,cramMalaise9904 Malaise9904
BIOUG74971-C02,Paradidyma Malaise2221,Paradidyma melania
BIOUG68411-C08,Apanteles eduardoramirezi,Apanteles Malaise2941
BIOUG72498-G02,gelMalaise01 Malaise9194,gelMalaise01 malaise0926
BIOUG75263-E02,Paradidyma Malaise2503,Paradidyma melania
BIOUG75551-E02,Hormius joncoddingtoni,Hormius mercedesfosterae
BIOUG66043-G12,Simulium arcticum complex,Simulium pulverulentum
BIOUG73285-C03,Ormosia depilata,Ormosia lineata
BIOUG74105-H07,Dinotrema Malaise8288,Dinotrema Malaise3622
BIOUG68567-H10,Coenosia attenuata,Tanytarsus formosanus
BIOUG68506-B05,Ophiomyia beckeri,Ophiomyia lantanae
BIOUG66061-H03,Paraphaenocladius impensus,Paraphaenocladius brevinervis
BIOUG73282-A09,Smittia terrestris,Smittia edwardsi
BIOUG70033-B10,Sinoe BioLep2857,cramMalaise01 Malaise4140
BIOUG73594-D07,Psychoda alternata,Clogmia albipunctata
BIOUG74734-E10,Rudolfina exuberata,Archiceroptera venezolana
BIOUG75301-A06,Atheta caribou,Boreophilia munsteri
BIOUG73468-H07,gelBioLep1 BioLep743,gelBioLep01 BioLep7976
BIOUG75258-F02,Phytomyptera Malaise5935,Phytomyptera Malaise6385
BIOUG74635-B04,Psychoda trinodulosa,Psychoda minuta
BIOUG73470-C05,Pseudapanteles raulsolorzanoi,Glyptapanteles Malaise2577
BIOUG66046-H04,Thaumatomyia trifasciata,Chlorops hypostigma
BIOUG68224-B03,Blastobasis Metz9506,blastoBioLep01 BioLep565
BIOUG68182-E08,Binodoxys angelicae,Aphidius platensis
BIOUG66027-A01,Microphorella vockerothi,Medetera belgica
BIOUG68716-D11,Dolichogenidea Rodriguez195,Glyptapanteles sondrawardae
BIOUG68755-C05,gelMalaise01 Malaise6859,gelMalaise01 Malaise2486
BIOUG67695-E07,Lutzomyia evansi,Nyssomyia trapidoi
BIOUG66055-C03,Paraphaenocladius impensus,Paraphaenocladius brevinervis
BIOUG70726-C01,cramMalaise01 Malaise2371,skythriMalaise2371 Malaise2371
BIOUG70220-C02,Phytomyza thalictrella,Pseudonapomyza atra
BIOUG74816-F03,Paradidyma Malaise2399,Paradidyma melania
BIOUG68922-B10,Keiferia Malaise8909,gelBioLep01 BioLep4699
BIOUG74758-B03,gelBioLep1 BioLep743,gelBioLep01 BioLep743
BIOUG74200-G07,Glyphidocera BioLep4458,Glyphidocera virgulae
BIOUG74956-B05,Pambolus Malaise8158,Pambolus Malaise9142
BIOUG66056-A09,Minilimosina vitripennis,Coproica lugubris
BIOUG74763-A12,Phytomyptera Malaise6585,Phytomyptera Malaise6385
BIOUG70112-F11,Lutzomyia zeledoni,Bichromomyia olmeca
BIOUG68226-A06,Apanteles eduardoramirezi,Apanteles Malaise2941
BIOUG66041-C05,Simulium arcticum complex,Simulium pulverulentum
BIOUG74807-E08,Paradidyma Malaise2558,Lixophaga Malaise3014
BIOUG70207-H01,Chelonus planiventris,Chelonus Malaise6274
BIOUG70293-B03,Adia cinerella,Delia coarctata
BIOUG70020-A04,Apanteles oscarchavezi,Dolichogenidea baoris
BIOUG76822-E12,Dryadaula Malaise8646,Vipsophobetron Malaise8497
BIOUG75779-C03,Dinotrema Malaise4111,alyMalaise01 Malaise3306
BIOUG74385-C05,gelBioLep1 BioLep743,gelBioLep01 BioLep7976
BIOUG68913-A03,Anastatus sp. GG28,Zaischnopsis coenotea
BIOUG73366-F12,Chespiritos extendido,Chespiritos dolabratus
BIOUG76757-D05,Macgrathphora caribbea,Macgrathphora longifurca
BIOUG73281-H10,Halocladius variabilis,Halocladius varians
BIOUG75779-A12,Dinotrema Malaise6719,Dinotrema Malaise0500
BIOUG73678-E09,Cosmosciara sp. SAEVG Morph42,Cosmosciara sp. SAEVG Morph0042
BIOUG51617-B08,Taeniothrips orionis,Anaphothrips sudanensis
BIOUG73774-B03,Filinota brunniceps,Parastega niveisignella
BIOUG74012-A11,Dinotrema Malaise4203,Dinotrema Malaise7967
BIOUG73274-H09,Claustropyga refrigerata,Camptochaeta camptochaeta
BIOUG74524-G04,Halocladius variabilis,Parametriocnemus stylatus
BIOUG73911-A03,Aprostocetus aproMalaise8259,Aprostocetus aproMalaise0020
BIOUG72698-E02,Keiferia Malaise7525,geoMalaise01 Malaise9385
BIOUG68908-D05,gelBioLep01 BioLep1838,gelBioLep01 BioLep7992
BIOUG74104-G10,Dinotrema Malaise4203,Dinotrema malaise0256
BIOUG77132-B05,Psychoda alternata,Clogmia albipunctata
BIOUG66057-D05,Paraphaenocladius impensus,Paraphaenocladius brevinervis
BIOUG74189-A04,ichneuMalaise01 Malaise9082,ichneuMalaise01 malaise9082
BIOUG68747-H02,Cosmosciara sp. SAEVG Morph0042,Cosmosciara perniciosa
BIOUG66030-B02,Thaumatomyia trifasciata,Chlorops hypostigma
BIOUG74513-B09,Lycoriella agraria,Bradysia urticae
BIOUG68922-A10,tinBioLep01 BioLep1595,tinBioLep01 BioLep638
BIOUG74882-C02,Paradidyma Malaise2558,Paradidyma Malaise2559
BIOUG70042-B01,Telphusa BioLep476,Telphusa BioLep1217
BIOUG68625-A05,Chilocyrtus Malaise7054,Orthocentrus Malaise9461
BIOUG73287-H02,Corynoneura arctica,Pseudorthocladius filiformis
BIOUG72679-G12,ChiroGn1 SADR6,Contarinia floriperda
BIOUG66040-C02,Simulium arcticum complex,Simulium pulverulentum
BIOUG74157-C12,gelBioLep1 BioLep743,gelBioLep01 BioLep7976
BIOUG75413-E09,Glyptapanteles Malaise795,Glyptapanteles henrytownesi
BIOUG74735-H08,Phytomyptera Malaise6585,Phytomyptera Malaise5935
BIOUG68197-G08,Rhopalosiphum padi,Aphis coreopsidis
BIOUG68174-B07,Tuta absoluta,gelJanzen01 Janzen317
BIOUG68181-B10,Pullimosina heteroneura,Pteremis fenestralis
BIOUG68180-B07,Bradysia radicum,Bradysia ocellaris
BIOUG74588-A06,Undulambia Janzen18,elachMalaise7530 Malaise7530
BIOUG68419-E04,gelBioLep01 BioLep1838,gelBioLep01 BioLep7992
BIOUG76532-A11,Toxomerus pictus,Conocephalus strictus
BIOUG73565-E07,Bemisia tabaci,Pealius rhododendri
BIOUG68566-A03,Thelyconychia solivaga,Anisia Malaise0091
BIOUG75037-A11,gelBioLep01 BioLep743,gelBioLep01 BioLep1373
BIOUG75258-D05,Paradidyma Malaise2558,Paradidyma Malaise2503
BIOUG75779-C05,alyMalaise01 Malaise3306,Dinotrema Malaise3622
BIOUG76289-D12,psychJanzen10 Malaise9264,psychJanzen05 Malaise9190
BIOUG77621-E02,Macgrathphora caribbea,Macgrathphora longifurca
BIOUG73244-C11,Scatopsciara nana,Lycoriella inflata
BIOUG70042-B10,Telphusa BioLep476,Telphusa BioLep1217
BIOUG73967-C10,ChiroGn1 SADR06,ChiroGn1 SADR6
BIOUG74932-C02,Aristotelia BioLep1181,Monochroa ferrea
BIOUG75257-E11,Megaselia tropizona,Neuzina diminuta
BIOUG76907-D10,Glyphidocera advenae,Glyphidocera sollertiae
BIOUG70018-H03,Cosmosciara sp. SAEVG Morph0042,Cosmosciara perniciosa
BIOUG67681-E09,Glyptapanteles Malaise2825,Diolcogaster Malaise7359
BIOUG67751-G04,Xyleborus ferrugineus,Xyleborus perforans
BIOUG74992-B03,Glyptapanteles Malaise795,Glyptapanteles henrytownesi
BIOUG66048-E06,Boletina dissipata,Themira annulipes
BIOUG70298-A10,Musca crassirostris,Musca tempestiva
BIOUG73774-A05,Filinota brunniceps,Parastega niveisignella
BIOUG74903-G05,Glyptapanteles Malaise795,Glyptapanteles Malaise2577
BIOUG73281-H01,Halocladius variabilis,Halocladius varians
BIOUG73263-B07,Cheilotrichia cinerascens,Dicranomyia modesta
BIOUG75779-F09,alyMalaise01 Malaise3306,alyMalaise01 Malaise2535
BIOUG68419-G05,Aristotelia Janzen1129,gelJanzen01 Janzen12
BIOUG73841-E12,Psychoda alternata,Clogmia albipunctata
BIOUG74973-F02,Glyptapanteles Malaise795,Glyptapanteles henrytownesi
BIOUG77622-B04,Macgrathphora caribbea,Macgrathphora longifurca
BIOUG73256-D01,Tersilochus striola,Barycnemis agilis
BIOUG81043-G02,Antaeotricha Malaise9870,Antaeotricha Janzen223
BIOUG79426-G11,Orfelia nemoralis,Cryptophagus difficilis
BIOUG71003-F04,malaiseGraci01 Malaise4167,malaiseGraci01 Malaise7268
BIOUG71533-A11,Diospilus Malaise6890,Stantonia Malaise5490
BIOUG71633-A11,Chaetocladius perennis,Chaetocladius tenuistylus
BIOUG70800-C02,Chaetocladius perennis,Chaetocladius tenuistylus
BIOUG71690-E11,Halocladius variabilis,Halocladius varians
BIOUG72840-C12,Leptodrepana Malaise4569,Leptodrepana Malaise4361
BIOUG72200-E09,Lotophila atra,Chamaepsila nigra
BIOUG71534-H06,Orthocentrus Malaise9461,Chilocyrtus Malaise3264
BIOUG71675-D08,Halocladius variabilis,Coenosia conforma
BIOUG70812-E06,tinBioLep01 BioLep5822,malaiseGraci01 Malaise3820
BIOUG73527-D04,Chespiritos extendido,Chespiritos dolabratus
BIOUG68236-G01,Uroxys deavilai,Aegialia terminalis
BIOUG70126-D11,Cosmosciara sp. SAEVG Morph0042,Cosmosciara perniciosa
BIOUG72182-E11,Bradysia plusiospina,Bradysia scabricornis
BIOUG71361-A07,Cicadulina mbila,Arboridia pusilla
BIOUG71697-D08,Corynoptera irmgardis,Corynoptera forcipata
BIOUG71024-A05,Pambolus Malaise1900,Dinotrema Malaise2307
BIOUG70812-D01,malaiseGraci01 Malaise6860,malaiseGraci01 Malaise4139
BIOUG70762-B02,Orthocentrus Malaise5162,orthoMalaise01 Malaise5595
BIOUG72046-E07,Diospilus Malaise3636,Diospilus Malaise4781
BIOUG72447-E05,Sericoderus lateralis,Stephostethus angusticollis
BIOUG72277-C12,Omphale Malaise9223,Omphale Malaise9539
BIOUG73684-E04,Aristotelia Janzen1129,Aristotelia Janzen8334
BIOUG72783-D08,gelBioLep1 BioLep743,gelBioLep01 BioLep1373
BIOUG72190-F06,Ischiolepta pusilla,Acartophthalmus nigrinus
BIOUG71269-A07,Corynoptera breviformis,Claustropyga refrigerata
BIOUG68231-B08,Euscirrhopterus argentata,Hypenodes Malaise8575
BIOUG73172-A10,Macgrathphora caribbea,Macgrathphora longifurca
BIOUG68979-C12,Prorhynchops Malaise2384,Lixophaga Malaise3014
BIOUG72227-D11,tersiMalaise1 Malaise3951,tersiMalaise01 Malaise3951
BIOUG71684-G04,Chorebus aphantus,Opius Malaise2668
BIOUG71278-G05,Chaetocladius perennis,Metriocnemus albolineatus
BIOUG71265-G08,Platypalpus maculipes,Platypalpus luteicornis
BIOUG71274-F06,Exotela gilvipes,Chorebus eros
BIOUG73827-C02,Aristotelia Janzen1129,Aristotelia Janzen8334
BIOUG72142-G03,Elachista apicipunctella,Elachista alpinella
BIOUG68884-C09,Lutzomyia zeledoni,Nyssomyia trapidoi
BIOUG71695-F09,Liriomyza flaveola,Phytomyza mimuli
BIOUG73265-G09,Smittia leucopogon,Smittia terrestris
BIOUG68231-D03,Euscirrhopterus argentata,Alloclita delozona
BIOUG68863-H06,Acrolophus BioLep454,Gephyra BioLep780
BIOUG73253-G02,Tersilochus striola,Tersilochus lapponicus
BIOUG71688-C07,Medetera betulae,Medetera pseudoapicalis
BIOUG73549-C05,Chespiritos dolabratus,Chespiritos extendido
BIOUG71601-H07,Trichocera maculipennis,Trichocera regelationis
BIOUG72425-D09,Olesicampe OLE-11,Xiphosomella Malaise7341
BIOUG73827-G12,Acrolophus BioLep451,acroBioLep01 BioLep17
BIOUG72187-F02,Spelobia rufilabris,Spelobia bumamma
BIOUG73234-H05,Halocladius variabilis,Halocladius varians
BIOUG71690-D10,Paneliusia albimanoides,Porricondyla nigripennis
BIOUG72107-B04,Psychoda albipennis,Chaetocladius piger
BIOUG73114-H06,Hormius Malaise5869,Pambolus Malaise8158
BIOUG72643-A05,Cosmosciara sp. SAEVG Morph42,Cosmosciara sp. SAEVG Morph0042
BIOUG68438-H11,Culicoides ZUR-6,Culicoides brownei
BIOUG72631-G07,Blacus Malaise9604,Blacus Malaise2252
BIOUG73335-G12,Diospilus Malaise6890,Diospilus malaise0089
BIOUG73249-D10,Micropsectra recurvata,Psychoda albipennis
BIOUG73254-C02,Tersilochus striola,Tersilochus lapponicus
BIOUG76244-F04,Hirtodrosophila gilva,Hirtodrosophila morgani
BIOUG70675-E06,Smittia terrestris,Bryomyia apsectra
BIOUG71691-E12,Limnophyes asquamatus,Limnophyes schnelli
BIOUG71782-E02,tersiMalaise01 Malaise9021,tersiMalaise1 Malaise1642
BIOUG71650-C04,Megaselia longicostalis,Megaselia tarsella
BIOUG68283-A07,Italispidea Janzen3885,Chaetostigmoptera Malaise9466
BIOUG71294-H08,Chaetocladius perennis,Scatopsciara atomaria
BIOUG72609-A06,Calodexia panamensis,Calodexia Malaise3682
BIOUG71637-B12,Chaetocladius perennis,Chaetocladius tenuistylus
BIOUG72527-E05,Plectiscus Malaise1594,Plectiscus Malaise5795
BIOUG73563-A12,Battaristis MalaiseMetz3348,gelMalaise1 Malaise4277
BIOUG76312-A01,Chaetostigmoptera Malaise8186,Sphaerina Malaise5822
BIOUG70671-F11,Xylosciara heptacantha,Peyerimhoffia vagabunda
BIOUG72475-A12,mgMalaise160 Malaise5779,Diolcogaster Malaise7359
BIOUG72064-G04,Dinotrema Malaise6906,Dinotrema malaise0256
BIOUG70743-A07,Cosmosciara sp. SAEVG Morph0042,Cosmosciara perniciosa
BIOUG70762-G10,cosmoMalaise01 MalaiseMetz1051,gelMalaise01 Malaise5966
BIOUG73233-B10,Cratyna colei,Cratyna brachialis
BIOUG71297-A09,Chaetocladius perennis,Scatopsciara atomaria
BIOUG73335-C06,Vadumasonium Malaise2811,Vadumasonium malaise0314
BIOUG70679-A08,Peyerimhoffia vagabunda,Xylosciara heptacantha
BIOUG73266-F12,Chaetocladius perennis,Chaetocladius suecicus
BIOUG72393-D04,Tylozygus geometricus,Sibovia nielsoni
BIOUG70667-C02,Minilimosina vitripennis,Spelobia rufilabris
BIOUG72128-A11,Scatopsciara atomaria,Scatopsciara nana
BIOUG73239-E12,Chaetocladius perennis,Chaetocladius suecicus
BIOUG71270-F12,Corynoptera alneti,Corynoptera irmgardis
BIOUG73303-A08,Dinotrema Malaise3805,Dinotrema Malaise3885
BIOUG72084-G09,alyMalaise01 Malaise7250,alyMalaise01 Malaise3456
BIOUG71766-H11,Dinotrema Malaise6906,Dinotrema malaise0256
BIOUG71597-E04,orthoMalaise01 malaise0520,Belyta sanguinolenta
BIOUG70677-F04,Pegoplata infirma,Anthomyia mimetica
BIOUG72643-E07,Dasydorylas sp. TX16,Eudorylas sp. CR10
BIOUG73107-E01,Orthocentrus Malaise9380,Orthocentrus malaise9380
BIOUG72128-B03,Cratyna nobilis,Cratyna brachialis
BIOUG70762-G04,malaiseGraci01 Malaise4662,malaiseGraci01 Malaise6671
BIOUG71910-A10,tinBioLep01 BioLep4618,cramMalaise01 Malaise3730
BIOUG71605-C02,Corynoptera trepida,Camptochaeta camptochaeta
BIOUG73218-A09,Phytomyza obscurella,Phytomyza mimuli
BIOUG70812-B12,gelMalaise01 Malaise6859,gelMalaise01 Malaise6953
BIOUG68864-E05,geoMalaise01 Malaise9486,Hypenodes Malaise8575
BIOUG72649-H02,Tanytarsus hastatus,Tanytarsus miriforceps
BIOUG71910-F10,tinBioLep01 BioLep4488,tinBioLep01 BioLep4618
BIOUG70162-B12,gelMalaise01 Malaise6859,gelMalaise01 Malaise2486
BIOUG71637-H04,Chaetocladius perennis,Chaetocladius tenuistylus
BIOUG71651-G07,Paraphaenocladius pseudirritus,Paraphaenocladius impensus
BIOUG71679-H05,Chaetocladius dissipatus,Chaetocladius piger
BIOUG73268-D04,Tvetenia bavarica,Limnophyes difficilis
BIOUG70142-A11,Blastobasis Metz9506,blastoBioLep01 BioLep565
BIOUG72278-G11,tersiMalaise1 Malaise1642,tersiMalaise01 Malaise9771
BIOUG71536-C09,Dinotrema Malaise7967,Dinotrema malaise0256
BIOUG72482-A05,Tanytarsus hastatus,Tanytarsus pandus
BIOUG71042-C01,Prorhynchops Malaise2384,Chaetostigmoptera Malaise9466
BIOUG72115-C12,Phytomyza ranunculi,Liriomyza flaveola
BIOUG72633-H11,Eubazus Malaise7795,Meteorus Janzen10
BIOUG71641-H09,Corynoptera irmgardis,Corynoptera subdentata
BIOUG72182-G05,Culicoides impunctatus,Culicoides pictipennis
BIOUG73220-B03,Limonia trivittata,Chaetocladius tenuistylus
BIOUG70929-A01,Bactra venosana,Coelostathma Malaise6572
BIOUG70800-E05,Suillia flavifrons,Lauxania shewelli
BIOUG72625-B08,Calodexia panamensis,Chaetostigmoptera Malaise9466
BIOUG71595-F03,tersiMalaise01 Malaise7151,tersiMalaise01 Malaise7762
BIOUG72174-H10,Dacnusa areolaris,Phaenocarpa conspurcator
BIOUG70992-E08,Opius Malaise5671,alyMalaise01 Malaise3456
BIOUG70655-H01,Chaetocladius piger,Chaetocladius dissipatus
BIOUG72441-E04,Microsepsis mitis,Australosepsis niveipennis
BIOUG72425-H11,Hormius Malaise5869,Hormius Malaise6908
BIOUG71659-C05,Parametriocnemus stylatus,Micropsectra nana
BIOUG70682-E10,Phytomyza obscurella,Phytomyza chaerophylli
BIOUG71597-F02,Meteorus Malaise3344,Meteorus Malaise4973
BIOUG73208-G09,Dacnusa areolaris,Chorebus eros
BIOUG71617-G11,Botanophila fugax,Themira annulipes
BIOUG71639-F11,Gymnometriocnemus brevitarsis,Gymnometriocnemus brumalis
BIOUG72174-A06,Stilpnus pavoniae,Barycnemis agilis
BIOUG76086-B02,Lixophaga Janzen1062,Lixophaga Malaise8175
BIOUG70698-B10,Asobara rufescens,alyMalaise01 Malaise8124
BIOUG72194-G02,Psychoda albipennis,Psychoda satchelli
BIOUG70679-E08,Glyphipterix simpliciella,crambidBioLep01 BioLep11
BIOUG73303-D08,Chilocyrtus malaise5063,Chilocyrtus sp. 6 NW-2012
BIOUG73230-D07,Cratyna cryptospina,Claustropyga acanthostyla
BIOUG76310-B06,spiloBioMalaise0275 Malaise0275,spiloMalaise5041 Malaise5041
BIOUG72298-A03,gelBioLep1 BioLep743,gelBioLep01 BioLep1373
BIOUG72630-F07,tersiMalaise01 malaise9021,tersiMalaise1 Malaise7296
BIOUG72388-F02,Diospilus malaise0089,Diospilus Malaise6890
BIOUG70124-D10,Cosmosciara sp. SAEVG Morph0042,Cosmosciara perniciosa
BIOUG71597-G10,Glyptapanteles Malaise6317,Glyptapanteles Whitfield141
BIOUG72162-A05,Paratanytarsus austriacus,Micropsectra klinki
BIOUG70267-G01,Tetraneura nigriabdominalis,Phylloxera coccinea
BIOUG70764-H08,malaiseGraci01 Malaise6860,malaiseGraci01 Malaise7268
BIOUG71626-C01,Megaselia longicostalis,Megaselia subtumida
BIOUG72392-A05,geoMalaise4195 Malaise4195,Pero clana
BIOUG72840-F03,orthoMalaise01 malaise0520,Orthocentrus Malaise5689
BIOUG71629-G06,Corynoptera forcipata,Ctenosciara hyalipennis
BIOUG70435-B06,Dolichogenidea Janzen117,Glyptapanteles Malaise9496
BIOUG68290-F06,Orthocentrus Malaise9461,Chilocyrtus Malaise3264
BIOUG72209-D10,tersiMalaise1 Malaise3951,tersiMalaise01 Malaise7762
BIOUG70537-D07,Megaselia thomaspapei,Megaselia wendyporrasae
BIOUG71286-D02,Scoliocentra brachypterna,Heleomyza serrata
BIOUG68292-C06,spiloBioLepl57 BioLep4106,spiloBioLep01 BioLep274
BIOUG70143-A06,Blastobasis Metz9506,blastoBioLep01 BioLep441
BIOUG71080-A05,Lutzomyia edentula,Bichromomyia olmeca
BIOUG71285-A12,Chaetocladius dissipatus,Chaetocladius piger
BIOUG72529-F03,Chilocyrtus malaise5063,Chilocyrtus Malaise4358
BIOUG71422-A09,Dinotrema malaise0623,Dinotrema Malaise6545
BIOUG72555-D01,tersiMalaise01 Malaise9021,tersiMalaise1 Malaise6662
BIOUG73267-C11,Anaretella defecta,Anaretella iola
BIOUG70982-H04,psychJanzen12 Malaise6378,psychJanzen08 Malaise9190
BIOUG73248-D10,Micropsectra recurvata,Paratanytarsus austriacus
BIOUG71312-H04,Smittia leucopogon,Smittia edwardsi
BIOUG72501-E10,Dinotrema Malaise2949,Dinotrema Malaise5644
BIOUG72197-H07,Bradysia pallipes,Lycoriella inflata
BIOUG71684-E06,Dacnusa areolaris,Chorebus eros
BIOUG71432-H06,Dinotrema malaise0623,Dinotrema Malaise7967
BIOUG73222-A05,Halocladius variabilis,Metriocnemus fuscipes
BIOUG72414-C01,Lutzomyia edentula,Lutzomyia gomezi
BIOUG73249-B01,Lycoriella agraria,Claustropyga refrigerata
BIOUG73531-G09,Chespiritos extendido,Chespiritos dolabratus
BIOUG71282-D02,Rhamphomyia sciarina,Ocydromia glabricula
BIOUG72369-F04,Lutzomyia edentula,Bichromomyia olmeca
BIOUG71695-D10,Scatopsciara brevicornis,Corynoptera alneti
BIOUG72840-E06,Glyptapanteles malaise0738,Diolcogaster Choi5983
BIOUG70411-A08,Lutzomyia evansi,Nyssomyia trapidoi
BIOUG72490-D06,Glyptapanteles meganmiltonae,Diolcogaster Malaise7359
BIOUG70142-B11,tinBioLep01 BioLep1595,tinBioLep01 BioLep5560
BIOUG71424-F05,Megaselia thomaspapei,Megaselia wendyporrasae
BIOUG73228-F01,Halocladius variabilis,Psychoda albipennis
BIOUG70146-H05,gelMalaise01 Malaise7126,gelJanzen01 Janzen7344
BIOUG72986-A02,Chespiritos extendido,Chespiritos dolabratus
BIOUG72864-A01,tersiMalaise01 malaise9021,tersiMalaise01 Malaise9679
BIOUG73531-C08,Psychoda alternata,Lestodiplosis juniperina
BIOUG70667-H09,Trichopria halterata,Trichopria atricornis
BIOUG72752-E04,Tanytarsus hastatus,Tanytarsus miriforceps
BIOUG71618-A05,Phytomyza chaerophylli,Phytomyza nigra
BIOUG73107-C12,Glyptapanteles malaise0738,Glyptapanteles sondrawardae
BIOUG71642-B09,Corynoptera irmgardis,Ctenosciara hyalipennis
BIOUG71289-H05,Scatopsciara atomaria,Scatopsciara nana
BIOUG72103-C01,Cratyna nobilis,Claustropyga refrigerata
BIOUG71312-C09,Monardia toxicodendri,Polyardis bispinosa
BIOUG72170-C08,Corynoptera alneti,Camptochaeta delicata
BIOUG71422-D01,Dinotrema Malaise6906,Dinotrema Malaise7967
BIOUG68289-D11,Chilocyrtus malaise5063,Chilocyrtus sp. 6 NW-2012
BIOUG71622-A12,Megaselia crassicosta,Megaselia pulicaria complex
BIOUG73238-C07,Chaetocladius piger,Metriocnemus albolineatus
BIOUG71658-G02,Smittia aterrima,Metriocnemus albolineatus
BIOUG73551-H04,Chespiritos extendido,Chespiritos dolabratus
BIOUG73543-C09,Orthocentrus Malaise1644,orthoMalaise01 Malaise5595
BIOUG70468-D08,gelJanzen01 Janzen774,gelMalaise01 Malaise7558
BIOUG73248-G11,Psychoda trinodulosa,Metriocnemus albolineatus
BIOUG70686-D01,Chaetocladius perennis,Metriocnemus fuscipes
BIOUG72084-G02,Orthocentrus Malaise9380,Orthocentrus Malaise0057
BIOUG72084-D05,Dinotrema Malaise3029,Dinotrema Malaise3501
BIOUG71685-D02,Halocladius variabilis,Ctenosciara hyalipennis
BIOUG71637-E01,Trichocera hiemalis,Trichocera regelationis
BIOUG70754-E08,Lutzomyia evansi,Nyssomyia trapidoi
BIOUG70954-F11,Culicoides ZUR-1,Culicoides ZUR-5
BIOUG70295-G10,Laodelphax striatella,Paraliburnia kilmani
BIOUG73221-H10,Smittia leucopogon,Smittia terrestris
BIOUG73270-A05,Orthocladius gelidorum,Halocladius varians
BIOUG70951-H07,Bemisia tabaci,Trialeurodes variabilis
BIOUG71657-B09,Rhamphomyia umbripennis,Bicellaria simplicipes
BIOUG73252-A06,Chaetocladius suecicus,Chaetocladius perennis
BIOUG72765-D04,Battaristis MalaiseMetz3348,gelMalaise01 MalaiseMetz5154
BIOUG73835-H10,gelBioLep1 BioLep743,gelBioLep01 BioLep1373
BIOUG70689-E01,Bicellaria simplicipes,Bicellaria furcifer
BIOUG70484-G04,Chilocyrtus Malaise7054,Chilocyrtus malaise7054
BIOUG72864-B04,Dinotrema Malaise3805,Dinotrema Malaise7967
BIOUG72527-G10,Dinotrema Malaise2949,Dinotrema Malaise3613
BIOUG72979-A02,Diospilus Malaise6890,Diospilus malaise0089
BIOUG70680-E04,Phaenocarpa conspurcator,alyMalaise01 Malaise2528
BIOUG72528-F09,Chilocyrtus malaise5063,Chilocyrtus Malaise3264
BIOUG71050-A04,Lutzomyia edentula,Siphona Malaise7035
BIOUG70692-F06,Scatopsciara atomaria,Scatopsciara brevicornis
BIOUG72045-D11,Gnamptogenys interrupta,Pachycondyla MAS018
BIOUG72647-G04,Chespiritos extendido,Chespiritos dolabratus
BIOUG71648-E01,Paraphaenocladius pseudirritus,Paraphaenocladius impensus
BIOUG71422-G02,Dinotrema Malaise7839,Dinotrema Malaise2550
BIOUG71675-E09,Bicellaria simplicipes,Bicellaria nigra
BIOUG68879-G01,gelMalaise01 Malaise6890,Dichomeris Janzen76
BIOUG71308-F09,Cratyna nobilis,Claustropyga refrigerata
BIOUG71676-C10,Platypalpus longicornis,Platypalpus luteicornis
BIOUG68289-H01,Notiospathius Malaise5581,doryMalaise01 Malaise9787
BIOUG70468-H07,malaiseGraci01 Malaise6860,malaiseGraci01 Malaise7268
BIOUG73271-H10,Tersilochus striola,Tersilochus lapponicus
BIOUG71802-H10,Stigmella gallicola,Stigmella fasciata
BIOUG73056-G04,Dinotrema Malaise7839,Dinotrema Malaise7037
BIOUG72293-C11,Diospilus Malaise6890,Diospilus malaise0089
BIOUG72086-F11,Dinotrema Malaise3029,Dinotrema Malaise7967
BIOUG71685-C04,Claustropyga refrigerata,Ctenosciara hyalipennis
BIOUG71595-A09,Chilocyrtus malaise5063,Chilocyrtus Malaise3264
BIOUG72528-G02,Shawiana Malaise7362,alyMalaise01 Malaise3456
BIOUG72183-F04,Pseudorthocladius curtistylus,Pseudorthocladius filiformis
BIOUG71295-E08,Scatopsciara atomaria,Lycoriella agraria
BIOUG75022-H05,Trialeurodes vaporariorum,Pemphigus populitransversus
BIOUG74796-G12,tinBioLep01 BioLep2894,tinBioLep01 BioLep5560
BIOUG79485-E02,Antaeotricha Janzen223,Stenoma BioLep86
BIOUG71548-D02,Tesserocerus sp. PlNeo01,Tesserocerus sp. PlNeo1
BIOUG75185-B01,Glyptapanteles Whitfield141,Glyptapanteles nataliaivanovae
BIOUG72159-H09,Cratyna keilini,Cratyna cryptospina
BIOUG73201-E06,Bicellaria vana,Bicellaria nigra
BIOUG72502-F01,tersiMalaise01 Malaise9021,tersiMalaise1 Malaise1642
BIOUG68252-G03,tinBioLep01 BioLep638,tinBioLep01 BioLep5560
BIOUG68420-C02,Telphusa BioLep476,Telphusa sedulitella
BIOUG71152-E11,Megaselia thomaspapei,Megaselia wendyporrasae
BIOUG68914-A01,Aristotelia Janzen1129,gelJanzen01 Janzen12
BIOUG74781-D10,Aristotelia BioLep1181,elachBioLep01 BioLep0754
BIOUG70863-E11,Microsepsis mitis,Australosepsis niveipennis
BIOUG74545-G04,Homoporus luniger,Tricyclomischus celticus
BIOUG72141-E06,Bradysia alpicola,Bradysia pallipes
BIOUG75016-D10,Paradidyma Malaise2399,Paradidyma melania
BIOUG75648-A05,Paratanytarsus laccophilus,Paratanytarsus grimmii
BIOUG79599-H04,Glyptapanteles Malaise9875,Glyptapanteles Malaise2142
BIOUG74556-B05,Culicoides travisi,Culicoides pictipennis
BIOUG70840-E11,Glyptapanteles Malaise6317,Glyptapanteles sondrawardae
BIOUG71835-D05,tinBioLep01 BioLep4618,geoBioLep6329 BioLep6329
BIOUG81043-A02,Pambolus Malaise1900,Hormius Malaise7679
BIOUG80672-H08,Pambolus Malaise1900,Pambolus Malaise9142
BIOUG77643-F02,Macgrathphora caribbea,Macgrathphora longifurca
BIOUG68258-E08,Meteorus Malaise3344,Meteorus Malaise2812
BIOUG72824-E09,Tylozygus geometricus,Sibovia nielsoni
BIOUG80270-C01,Lutzomyia aclydifera,Nyssomyia trapidoi
BIOUG81035-A01,Pambolus Malaise1900,Pambolus Malaise9142
BIOUG72816-A05,Exasticolus Malaise7004,banMalaise01 Malaise3996
BIOUG78381-E06,Epuraea ocularis,Lepidophorus lineaticollis
BIOUG75908-B10,Tuta absoluta,Symmetrischema Malaise3159
BIOUG75981-D03,Microsepsis mitis,Australosepsis niveipennis
BIOUG79928-E07,Bromeloecia wolverinei,Trachyopella straminea
BIOUG74646-E07,Meronera venustula,Atheta chadburnae
BIOUG79512-B05,Casinaria Malaise6162,Xiphosomella Malaise7341
BIOUG72502-H11,Orthocentrus malaise9380,Orthocentrus Malaise9380
BIOUG66093-A04,Coenosia morrisoni,Neodexiopsis setipuncta
BIOUG74860-G06,Diolcogaster Malaise9826,Glyptapanteles Malaise9496
BIOUG75520-G09,Phytomyptera Malaise5935,Phytomyptera Malaise 7239
BIOUG74870-G09,Paradidyma Malaise2558,Paradidyma melania
BIOUG67898-F07,geleBioLep01 BioLep1211,gelMalaise01 MalaiseMetz5154
BIOUG75504-B07,Grotiusomyia Hansson7663,euloMalaise1 euloMalaise6772
BIOUG68420-E01,Aristotelia Janzen1129,Keiferia Malaise8909
BIOUG75639-F07,Scatopsciara geophila,Trichosia lengersdorfi
BIOUG88332-G10,Bifronsina bifrons,Psychoda sp. 11GMK
BIOUG75013-E11,Paradidyma Malaise2503,Paradidyma melania
BIOUG74563-A01,Monochroa absconditella,Battaristis MalaiseMetz3348
BIOUG74564-E07,Megaselia lucifrons,Megaselia wiegmanae
BIOUG70194-A11,gelMalaise01 Malaise6859,gelMalaise01 Malaise2486
BIOUG79112-F10,Macgrathphora caribbea,Macgrathphora longifurca
BIOUG88377-E03,spiloMalaise2296 Malaise2296,Alloclita delozona
BIOUG72104-A09,Smittia leucopogon,Smittia terrestris
BIOUG68899-C11,Cosmosciara sp. SAEVG Morph0042,Cosmosciara perniciosa
BIOUG73201-G08,Bicellaria vana,Bicellaria simplicipes
BIOUG70879-C09,Meteorus Malaise3344,Meteorus Malaise4973
BIOUG71440-E12,Meteorus Malaise2812,Meteorus Janzen10
BIOUG70841-F01,Tesserocerus sp. PlNeo01,Tesserocerus sp. PlNeo1
BIOUG72018-A01,Orthocentrus Malaise9380,Orthocentrus Malaise275
BIOUG66088-E03,Coenosia morrisoni,Coenosia conforma
BIOUG75297-H06,Dicrotendipes tritomus,Dicrotendipes modestus
BIOUG70170-B07,Cosmosciara sp. SAEVG Morph0042,Cosmosciara perniciosa
BIOUG74692-F05,Metacnephia borealis,Orthocladius frigidus
BIOUG75011-D02,Glyptapanteles Whitfield91,Glyptapanteles henrytownesi
BIOUG79719-A07,Argyria centrifugensDHJ02,spiloBioLep01 BioLep274
BIOUG78995-B12,Cosmopterix Malaise1744,cramMalaise01 Malaise4140
BIOUG77088-H03,Tanytarsus hastatus,Tanytarsus pandus
BIOUG79380-B01,Microsepsis mitis,Australosepsis niveipennis
BIOUG75434-D01,Paradidyma Malaise2503,Paradidyma melania
BIOUG75020-B03,Paradidyma Malaise2503,Paradidyma melania
BIOUG79547-F02,spiloBioMalaise0275 Malaise0275,spiloMalaise5041 Malaise5041
BIOUG68420-A02,Blastobasis Metz9506,blastoBioLep01 BioLep441
BIOUG76430-A08,Pambolus Malaise1900,Pambolus Malaise9142
BIOUG78994-E08,Cosmopterix Malaise1744,cosmoBioLep1 BioLep16
BIOUG74857-H07,Grotiusomyia Hansson7663,euloMalaise1 euloMalaise6772
BIOUG75604-G12,Euceraphis borealis,Euceraphis papyrifericola
BIOUG80768-D05,Xylosandrus crassiusculus,Xyleborus perforans
BIOUG79616-G10,Protodarcia cocosensis,gelBioLep01 BioLep5436
BIOUG71477-C01,Diospilus Malaise4781,Diospilus Malaise3636
BIOUG72340-A12,Lutzomyia edentula,Bichromomyia olmeca
BIOUG72818-A07,spiloBioLepl57 BioLep4106,Lobocleta Malaise1665
BIOUG74558-A10,Empoasca fabae,Graphocephala versuta
BIOUG67898-E07,Telphusa BioLep476,Parastega niveisignella
BIOUG66087-E01,Chymomyza caudatula,Pherbellia ventralis
BIOUG79870-A10,oecoMalaise01 Malaise4787,cosmoBioLep01 BioLep16
BIOUG75913-G01,Glyptapanteles Whitfield113DHJ01,Nealiolus Malaise1381
BIOUG79494-A06,Chaetostigmoptera Malaise8186,Sphaerina Malaise5822
BIOUG68893-G01,Acordulecera liami,Sutwanus nigriceps
BIOUG72004-C10,Orthocentrus Malaise9380,Orthocentrus Malaise7625
BIOUG68250-G06,Basileunculus sp. CR3,Eudorylas sp. CR10
BIOUG68412-F01,phyMalaise01 Malaise2939,phyMalaise01 Malaise2168DHJ01
BIOUG72161-E05,Corynoptera levis,Corynoptera alneti
BIOUG72329-H06,Megaselia nealevenhuisi,Megaselia normwoodleyi
BIOUG72199-B06,Pseudorthocladius filiformis,Pseudorthocladius curtistylus
BIOUG68892-H06,tinBioLep01 BioLep8208,elachBioLep01 BioLep462
BIOUG72112-A05,Limnophyes edwardsi,Metriocnemus albolineatus
BIOUG71441-C08,Dinotrema Malaise6906,Dinotrema Malaise3613
BIOUG70144-H09,Paradidyma Malaise2556,Myiopharus Janzen3257
BIOUG72157-G12,Psychoda albipennis,Smittia terrestris
BIOUG72199-E08,Lycoriella inflata,Lycoriella brevipila
BIOUG72530-G12,Mesochorus dos,Mesochorus unocincoseis
BIOUG71730-C03,Glyptapanteles Malaise6317,Glyptapanteles sondrawardae
BIOUG72815-F01,tersiMalaise01 Malaise9021,tersiMalaise1 Malaise9679
BIOUG56853-A07,Psychoda trinodulosa,Psychoda erminea
BIOUG72147-D07,Megaselia crassicosta,Megaselia longicostalis
BIOUG72137-B04,Calobata petronella,Tephrochlamys rufiventris
BIOUG70196-C10,gelMalaise01 Malaise6859,gelMalaise01 Malaise2486
BIOUG66732-G08,Atherigona reversura,Atherigona orientalis
BIOUG71468-G04,Blacus Malaise8763,Eubazus Malaise0535
BIOUG72126-F06,Cratyna perplexa,Cratyna falcifera
BIOUG72335-A06,Lutzomyia edentula,Epidapus gracilis
BIOUG68420-G05,Aristotelia Janzen1129,gelJanzen01 Janzen12
BIOUG71976-A12,crypMalaise01 malaise0714,crypMalaise01 Malaise6865
BIOUG72199-G07,Corynoptera irmgardis,Bradysia ocellaris
BIOUG72816-B08,ichMalaise1 Malaise4973,Chirotica Malaise4273
BIOUG70194-B02,malaiseGraci01 Malaise4525,Lutzomyia zeledoni
BIOUG68112-B11,Anochetus altisquamis,Ponera coarctata
BIOUG72207-B11,Glyptapanteles Malaise6317,Glyptapanteles Malaise2577
BIOUG72815-G08,Chilocyrtus Malaise1503,Orthocentrus Malaise3997
BIOUG68026-D09,Orthocentrus Malaise2720,Orthocentrus Malaise3997
BIOUG71748-C03,malaiseGraci01 Malaise6860,malaiseGraci01 Malaise7268
BIOUG70862-A08,malaise1779 Malaise1779,Tripudia grapholithoides
BIOUG66898-H11,malaiseGraci01 Malaise5556,malaiseGraci01 Malaise5632
BIOUG65758-A02,Cosmosciara sp. SAEVG Morph0042,Cosmosciara perniciosa
BIOUG71746-B07,Wormaldia gallardoi,Helicopsyche vergelana
BIOUG68126-C04,Tuta absoluta,Elachista pyrrha
BIOUG67929-D10,Antaeotricha Malaise9870,elachMalaise7530 Malaise7530
BIOUG67353-D12,Anochetus altisquamis,Ponera coarctata
BIOUG72124-H03,Ormosia lineata,Themira leachi
BIOUG72207-F05,tersiMalaise01 Malaise9021,tersiMalaise1 Malaise6662
BIOUG72208-H01,Polysphincta purcelli,Zaglyptus simonis
BIOUG68194-F01,Bifronsina bifrons,Pullimosina heteroneura
BIOUG66739-F03,Therioaphis trifolii,Stegophylla quercifoliae
BIOUG71174-D12,Dinotrema Malaise3029,Dinotrema Malaise7967
BIOUG67353-E04,Anochetus altisquamis,Ponera coarctata
BIOUG72040-G03,Dinotrema malaise0623,Dinotrema Malaise7839
BIOUG66649-F12,Sarucallis kahawaluokalani,Therioaphis trifolii
BIOUG65799-B06,Glyphidocera BioLep192,autoBioLep1 BioLep193
BIOUG67375-B10,Anochetus altisquamis,Ponera coarctata
BIOUG72530-G03,Orthocentrus Malaise9380,Orthocentrus sp. 16 NW-2012
BIOUG71976-H08,Dinotrema Malaise2367,Dinotrema Malaise2550
BIOUG72151-C08,Kleidotoma affinis,Kleidotoma striaticollis
BIOUG67264-B06,Camponotus sexguttatus,Camponotus integellus
BIOUG66616-D05,Bemisia tabaci,Siphoninus phillyreae
BIOUG72112-E03,Ceratopogon grandiforceps,Schizohelea leucopeza
BIOUG65850-F11,Tanytarsus hastatus,Tanytarsus sp. 21XL
BIOUG56843-C11,Psychoda erminea,Pneumia mutua
BIOUG66355-C07,Adia cinerella,Delia longicauda
BIOUG71743-C08,Gnamptogenys interrupta,Prionopelta modesta
BIOUG65690-C10,Atherigona reversura,Atherigona orientalis
BIOUG67426-E04,Chilocyrtus Malaise7054,Chilocyrtus Malaise1867
BIOUG72040-A01,Meteorus Malaise4087,Meteorus Malaise4193
BIOUG70836-A02,Diospilus Malaise3636,Diospilus Malaise4781
BIOUG65759-A05,Cosmosciara sp. SAEVG Morph0042,Cosmosciara perniciosa
BIOUG66132-H06,Megaselia oxboroughae,Megaselia albicans
BIOUG66237-B03,Apis mellifera,Ooctonus hemipterus
BIOUG77989-H02,Orthocentrus Malaise5162,orthoMalaise01 Malaise5595
BIOUG75401-G11,Paradidyma Malaise2558,Paradidyma melania
BIOUG72110-E01,Scatopsciara atomaria,Scatopsciara nana
BIOUG66398-D09,Musca crassirostris,Musca confiscata
BIOUG72205-H06,Meteorus Malaise4087,Blacus Malaise3018
BIOUG67748-G07,Choreborogas Malaise1352,Heterospilus Malaise6328
BIOUG67618-C09,Renodes BioLep858,Pero clana
BIOUG66315-H08,Musca crassirostris,Musca confiscata
BIOUG66194-G10,Megaselia wiegmanae,Megaselia losangelensis
BIOUG65379-G04,Rachispoda fuscinevris,Rachispoda trigonata
BIOUG67170-G12,Cosmosciara sp. SAEVG Morph0042,Cosmosciara perniciosa
BIOUG67354-C03,Aphis nerii,Brachyunguis harmalae
BIOUG67044-F09,Cosmosciara sp. SAEVG Morph0042,Cosmosciara perniciosa
BIOUG65795-F05,Hirtodrosophila thoracis,Mycodrosophila claytonae
BIOUG71898-A09,Syntretus Malaise2676,Meteorus Malaise4087
BIOUG65684-E03,Bifronsina bifrons,Pullimosina heteroneura
BIOUG67618-A01,Glyphidocera BioLep192,Glyphidocera virgulae
BIOUG66406-A11,Glyptapanteles Malaise9875,Glyptapanteles Malaise9496
BIOUG67063-E10,Cosmosciara sp. SAEVG Morph0042,Cosmosciara perniciosa
BIOUG70891-B03,Lutzomyia edentula,Bichromomyia olmeca
BIOUG72161-F10,Corynoptera levis,Corynoptera alneti
BIOUG66405-H09,Hormius Malaise6908,Hormius Malaise2497
BIOUG66805-G09,encyrMalaise01 Malaise7295,encyrMalaise01 Malaise7759
BIOUG67702-H08,Therioaphis trifolii,Phylloxera coccinea
BIOUG72110-C05,Allocladius nanseni,Hydrosmittia oxoniana
BIOUG66152-C04,Diomus roseicollis,Scymnus subvillosus
BIOUG67390-E04,Aphis nerii,Muscaphis escherichi
BIOUG67717-G07,Musca crassirostris,Adia cinerella
BIOUG66395-A04,Musca crassirostris,Musca confiscata
